age,sex,race,priors_count,c_charge_degree,decile_score,two_year_recid
69,Male,Other,0,F,1,0
34,Male,African-American,0,F,3,1
24,Male,African-American,4,F,4,1
44,Male,Other,0,M,1,0
41,Male,Caucasian,14,F,6,1
43,Male,Other,3,F,4,0
39,Female,Caucasian,0,M,1,0
27,Male,Caucasian,0,F,4,0
23,Male,African-American,3,M,6,1
37,Female,Caucasian,0,M,1,0
41,Male,African-American,0,F,4,0
47,Female,Caucasian,1,F,1,1
31,Male,African-American,7,F,3,1
37,Male,Hispanic,0,M,1,0
25,Male,African-American,3,F,10,0
31,Male,Caucasian,6,F,5,1
31,Male,Caucasian,5,F,3,1
64,Male,African-American,13,F,6,1
21,Male,African-American,1,F,9,1
27,Male,Caucasian,0,M,2,1
21,Female,Caucasian,0,F,4,0
24,Male,Hispanic,1,F,4,1
43,Male,Caucasian,1,M,1,0
32,Male,Other,0,M,3,0
27,Male,African-American,8,F,3,1
26,Male,African-American,5,F,7,1
33,Male,African-American,0,F,10,1
30,Male,Caucasian,9,F,9,1
32,Male,African-American,4,F,8,1
55,Male,Caucasian,0,F,1,0
49,Male,Other,7,F,3,1
33,Female,Caucasian,4,M,5,1
24,Male,Caucasian,1,M,2,1
34,Male,African-American,21,F,9,1
29,Male,Caucasian,0,M,2,0
21,Female,African-American,2,F,8,0
51,Male,African-American,2,M,1,0
29,Male,Caucasian,2,M,2,1
51,Female,African-American,7,F,2,0
29,Male,African-American,0,F,7,1
25,Male,Caucasian,9,M,10,1
35,Male,African-American,13,F,8,1
49,Male,Caucasian,0,M,1,0
29,Male,African-American,0,F,4,0
29,Male,Caucasian,1,F,2,1
28,Female,Other,0,F,2,0
31,Male,African-American,15,F,5,0
24,Male,African-American,2,F,4,1
30,Male,Hispanic,0,M,7,0
49,Male,African-American,4,M,1,0
53,Male,Caucasian,8,F,5,0
35,Male,African-American,5,F,3,0
27,Male,African-American,15,F,10,1
38,Male,Caucasian,4,M,2,1
22,Male,African-American,1,F,4,1
29,Male,African-American,4,F,9,1
62,Male,Hispanic,0,M,1,0
27,Male,African-American,6,F,6,1
33,Male,Other,0,M,1,0
56,Female,African-American,0,M,1,0
45,Male,Hispanic,6,F,1,1
22,Male,Hispanic,1,F,4,0
39,Male,African-American,1,M,4,0
29,Male,African-American,5,F,6,1
27,Male,Caucasian,1,F,6,1
40,Male,African-American,2,F,2,0
22,Male,African-American,1,M,3,1
22,Male,Caucasian,0,F,8,0
26,Female,African-American,1,F,4,1
32,Male,African-American,0,F,2,0
41,Male,African-American,1,M,2,0
30,Male,African-American,8,M,10,1
50,Male,Other,0,F,1,1
25,Male,African-American,14,F,10,1
20,Male,Other,0,F,5,1
22,Male,African-American,2,F,9,1
35,Female,African-American,1,M,2,0
36,Male,African-American,9,F,7,1
26,Male,Caucasian,7,F,8,1
21,Male,Other,1,F,6,1
25,Male,Caucasian,9,F,8,1
20,Female,Caucasian,0,F,7,0
39,Male,Caucasian,2,F,1,1
54,Female,Caucasian,0,M,1,0
44,Female,Hispanic,0,M,1,0
19,Male,African-American,1,M,4,1
30,Male,African-American,1,F,2,0
39,Female,Caucasian,0,F,1,1
24,Male,Caucasian,8,F,6,1
30,Male,Caucasian,0,F,4,0
31,Male,Caucasian,0,M,5,0
39,Female,Caucasian,1,F,4,0
43,Male,Caucasian,1,F,1,0
21,Male,African-American,3,F,9,1
38,Male,Caucasian,5,M,4,1
34,Male,Caucasian,0,F,5,0
33,Male,African-American,5,F,5,1
37,Male,African-American,3,F,2,0
42,Male,Caucasian,1,F,2,1
41,Male,African-American,10,F,9,1
22,Male,African-American,0,F,4,1
33,Male,African-American,28,F,8,1
31,Male,African-American,1,M,7,0
30,Female,Other,1,F,2,0
31,Male,Caucasian,13,F,10,1
27,Male,African-American,3,F,9,1
52,Male,Caucasian,3,M,9,0
33,Male,African-American,19,F,10,1
42,Male,Caucasian,6,F,3,0
25,Female,Caucasian,2,F,4,0
30,Male,Caucasian,1,M,2,0
37,Female,Other,2,M,2,0
28,Male,Caucasian,0,M,2,1
24,Female,African-American,0,M,2,0
29,Female,Caucasian,10,F,4,1
44,Male,Caucasian,2,M,2,1
32,Male,African-American,3,F,7,1
31,Male,Caucasian,2,M,3,1
31,Male,African-American,1,M,2,0
59,Male,Caucasian,1,F,2,1
20,Female,African-American,1,F,10,0
43,Female,Caucasian,0,M,1,0
38,Male,African-American,9,F,8,1
32,Male,African-American,11,F,6,1
33,Male,African-American,8,M,5,1
31,Female,African-American,0,F,3,1
33,Female,African-American,7,F,9,1
27,Male,African-American,2,F,9,1
20,Female,African-American,0,F,6,0
26,Female,Caucasian,0,M,6,0
61,Female,African-American,1,F,1,1
52,Male,Other,13,F,7,1
63,Male,Hispanic,1,F,1,0
32,Female,African-American,4,F,10,1
29,Male,Hispanic,1,F,4,0
26,Female,African-American,2,M,4,1
39,Male,Caucasian,1,M,4,0
30,Female,Caucasian,3,F,7,1
30,Male,African-American,1,F,7,0
48,Male,Caucasian,2,M,2,0
22,Male,African-American,1,F,2,0
46,Male,Caucasian,6,F,1,1
31,Male,Caucasian,0,F,5,0
25,Male,African-American,1,M,2,1
23,Male,Hispanic,0,F,3,0
32,Female,African-American,5,F,7,0
52,Male,Hispanic,2,M,1,0
62,Male,African-American,8,F,4,0
31,Male,Hispanic,8,F,9,1
28,Male,African-American,6,M,6,1
54,Male,Hispanic,2,F,1,0
58,Male,Hispanic,0,F,2,0
78,Male,Caucasian,1,M,1,1
56,Male,Caucasian,0,F,1,0
24,Male,Other,0,F,2,0
22,Male,African-American,1,F,5,1
47,Male,African-American,23,M,8,1
23,Male,African-American,0,M,2,1
57,Male,Hispanic,1,F,1,0
66,Male,African-American,3,F,1,0
45,Male,Caucasian,8,M,4,1
37,Male,African-American,2,M,9,1
39,Male,Caucasian,0,F,4,1
26,Male,African-American,9,F,9,1
45,Male,Caucasian,2,F,3,0
23,Male,African-American,0,F,3,1
34,Male,African-American,2,M,2,0
23,Female,African-American,1,M,4,0
36,Male,Other,2,M,3,1
50,Male,Caucasian,1,F,1,0
37,Female,Caucasian,0,M,3,0
44,Male,Caucasian,4,M,4,0
35,Female,African-American,23,F,9,1
24,Male,Other,5,F,5,1
26,Male,African-American,2,F,10,1
27,Male,African-American,0,M,2,0
28,Female,African-American,0,F,8,0
28,Female,Caucasian,7,F,9,1
38,Male,African-American,2,F,1,0
28,Female,African-American,1,F,9,0
56,Male,Caucasian,7,F,1,1
38,Male,African-American,15,F,9,0
28,Male,African-American,2,M,5,0
51,Female,Caucasian,0,M,1,1
51,Male,Caucasian,0,M,2,0
36,Male,Other,1,M,1,1
48,Male,African-American,0,F,1,0
37,Male,Caucasian,4,F,3,1
30,Female,African-American,2,F,7,0
41,Female,African-American,5,M,6,0
27,Male,African-American,11,F,10,1
37,Male,African-American,0,M,1,0
33,Male,Other,4,F,4,1
54,Male,African-American,11,F,9,0
23,Male,African-American,2,F,9,0
41,Male,African-American,0,M,1,0
52,Male,Caucasian,0,F,1,0
43,Male,Caucasian,13,F,4,1
52,Male,African-American,0,F,4,0
28,Male,Caucasian,1,F,1,0
30,Male,African-American,11,M,9,1
28,Male,Caucasian,1,F,5,0
22,Male,African-American,0,F,4,0
30,Male,African-American,4,F,2,0
25,Male,Hispanic,4,F,4,0
31,Male,Caucasian,0,F,8,1
37,Male,Caucasian,0,F,2,1
32,Male,African-American,14,F,9,0
53,Male,Caucasian,1,M,1,0
28,Male,African-American,25,F,8,1
44,Male,Caucasian,8,M,5,1
25,Male,African-American,0,F,3,0
22,Male,Caucasian,1,M,8,1
37,Female,Other,0,M,1,0
40,Female,Other,3,F,2,0
31,Female,Hispanic,0,M,2,0
23,Male,Hispanic,1,F,6,1
23,Female,Caucasian,5,F,5,1
24,Male,Hispanic,0,M,8,0
29,Male,African-American,1,M,3,0
20,Male,African-American,1,F,8,1
30,Male,African-American,2,F,6,1
39,Male,Other,0,F,1,0
27,Male,African-American,4,F,4,0
37,Female,African-American,2,F,1,0
20,Male,African-American,0,F,8,0
22,Male,Hispanic,0,F,7,0
52,Female,African-American,0,F,1,0
23,Female,African-American,0,F,4,1
48,Female,African-American,0,F,2,0
25,Male,Caucasian,0,F,5,0
27,Male,Caucasian,0,F,6,1
30,Male,African-American,11,F,7,1
22,Male,African-American,3,M,10,1
22,Female,Caucasian,1,F,3,0
41,Female,African-American,2,M,3,0
25,Female,Other,0,F,2,0
52,Male,African-American,3,F,6,1
43,Male,African-American,0,F,1,0
37,Male,Caucasian,3,F,1,0
70,Male,Caucasian,1,M,1,0
46,Male,Caucasian,3,F,4,0
21,Male,African-American,0,M,9,1
26,Male,African-American,1,M,8,1
38,Male,Hispanic,3,F,1,1
34,Male,Caucasian,5,M,4,0
34,Male,African-American,5,M,4,0
23,Male,Caucasian,0,F,5,1
34,Male,African-American,5,F,4,1
39,Male,African-American,6,F,3,1
24,Male,Other,0,F,3,0
58,Male,Caucasian,2,F,3,0
21,Female,African-American,0,M,6,0
23,Male,African-American,4,M,8,1
62,Male,Caucasian,0,F,1,0
37,Male,Caucasian,5,F,3,0
43,Male,Other,2,F,2,1
32,Female,African-American,5,F,1,0
23,Male,Hispanic,0,F,3,0
27,Male,African-American,0,M,1,0
44,Male,Caucasian,0,M,1,1
28,Male,Caucasian,3,M,3,1
42,Female,Caucasian,0,F,2,0
24,Male,Other,9,F,10,1
27,Male,African-American,0,F,2,0
20,Male,African-American,0,F,10,1
51,Female,Caucasian,0,M,1,0
56,Male,Caucasian,0,M,1,0
29,Male,African-American,7,F,9,0
20,Male,African-American,0,F,9,1
27,Male,Caucasian,8,F,5,0
24,Male,African-American,2,F,9,1
53,Male,Caucasian,36,F,6,1
28,Male,Caucasian,2,M,3,1
21,Male,Hispanic,3,F,5,0
36,Female,African-American,0,F,7,0
25,Female,Caucasian,2,M,4,1
23,Female,Hispanic,1,M,3,0
28,Male,Caucasian,1,F,5,0
21,Female,African-American,0,F,8,1
36,Male,Caucasian,0,M,3,0
24,Male,African-American,0,F,3,0
30,Male,Other,1,F,2,1
29,Male,African-American,0,F,1,0
30,Female,Caucasian,0,M,6,0
51,Male,Hispanic,1,M,1,0
32,Male,African-American,12,F,9,1
23,Male,African-American,1,F,6,0
47,Male,African-American,3,F,3,0
37,Male,Caucasian,0,F,1,0
19,Male,African-American,2,F,10,1
27,Male,Hispanic,0,M,8,0
39,Male,Other,0,M,1,0
21,Female,Caucasian,0,F,6,0
69,Male,Caucasian,0,M,1,0
21,Male,Caucasian,2,F,6,0
26,Male,African-American,6,M,10,1
22,Male,Caucasian,0,F,4,0
23,Female,African-American,0,F,5,1
49,Male,African-American,3,F,5,0
29,Male,African-American,2,M,4,0
60,Female,Caucasian,0,M,1,0
23,Male,African-American,3,F,10,1
20,Female,Other,1,F,4,0
36,Male,Hispanic,1,F,3,0
30,Male,Caucasian,0,F,4,0
21,Male,African-American,1,F,3,0
22,Male,Caucasian,2,M,6,1
21,Male,African-American,4,F,9,1
21,Male,African-American,0,F,5,1
34,Male,Caucasian,1,M,1,0
50,Female,Caucasian,1,M,1,1
40,Male,Caucasian,0,F,7,1
25,Male,African-American,7,F,8,1
53,Female,Caucasian,1,M,1,0
24,Female,African-American,0,F,4,0
42,Male,African-American,1,F,1,0
28,Male,African-American,1,M,3,0
26,Male,African-American,6,F,8,1
22,Male,African-American,4,F,9,1
21,Male,Caucasian,3,M,7,0
37,Male,African-American,23,F,9,1
35,Male,African-American,2,F,5,0
53,Male,African-American,2,F,1,0
29,Male,African-American,7,F,4,0
48,Male,Caucasian,23,F,8,1
52,Female,Caucasian,0,M,1,0
27,Male,African-American,12,F,8,1
28,Male,African-American,5,F,9,0
33,Male,Caucasian,3,M,3,0
28,Female,Hispanic,0,F,2,0
36,Male,African-American,14,F,7,1
29,Male,African-American,2,F,5,0
22,Male,African-American,0,M,9,1
25,Male,Caucasian,0,F,2,0
56,Male,African-American,5,F,3,0
27,Male,African-American,9,F,8,1
52,Male,Caucasian,4,F,1,1
32,Male,African-American,3,F,2,0
60,Male,Other,4,F,1,0
23,Male,Hispanic,1,M,3,0
39,Female,Caucasian,0,M,6,0
56,Male,Caucasian,0,M,1,0
22,Female,African-American,0,F,7,0
53,Male,African-American,11,F,6,0
25,Male,Caucasian,0,M,2,1
21,Male,Hispanic,0,M,3,0
22,Male,Caucasian,0,F,3,0
58,Female,Caucasian,2,M,1,0
31,Male,African-American,7,M,3,1
22,Male,Caucasian,1,F,5,1
28,Male,African-American,8,F,6,1
42,Male,Other,1,F,1,0
20,Male,African-American,0,F,7,1
29,Male,Caucasian,0,M,6,1
58,Male,African-American,21,M,7,1
22,Male,African-American,3,F,7,0
48,Male,Hispanic,1,M,1,1
37,Male,Caucasian,0,F,4,0
57,Male,African-American,1,F,5,1
27,Male,Caucasian,3,M,1,0
26,Male,African-American,3,F,4,0
24,Male,Caucasian,3,F,8,1
33,Male,Caucasian,0,F,1,0
29,Male,African-American,2,F,6,0
24,Female,African-American,3,F,10,1
19,Male,Caucasian,1,F,10,1
36,Male,Caucasian,2,M,1,0
24,Female,Caucasian,0,F,5,0
34,Male,Caucasian,0,M,1,0
25,Male,Hispanic,2,F,5,1
20,Male,African-American,1,F,10,1
24,Male,African-American,1,M,2,1
61,Male,Caucasian,4,F,1,0
50,Female,African-American,3,F,2,0
30,Male,African-American,1,M,1,0
38,Male,African-American,5,F,3,0
24,Male,Caucasian,0,M,1,0
46,Female,African-American,2,F,10,1
41,Male,Caucasian,0,M,1,1
20,Male,Other,0,F,8,1
27,Male,African-American,13,M,8,1
26,Male,African-American,1,M,6,1
29,Male,African-American,3,F,5,1
52,Male,Caucasian,6,F,5,1
28,Male,Caucasian,1,F,4,1
55,Male,African-American,5,F,3,1
26,Male,African-American,10,F,9,1
28,Male,African-American,5,F,10,0
63,Male,Caucasian,2,F,1,0
42,Male,African-American,0,F,1,0
23,Male,African-American,6,F,6,0
54,Male,African-American,28,F,9,1
35,Male,African-American,8,F,7,1
24,Female,African-American,6,F,9,1
54,Male,African-American,2,M,1,0
58,Male,African-American,12,M,6,1
23,Male,Caucasian,1,M,5,1
35,Male,African-American,1,M,2,0
20,Male,African-American,1,F,10,1
51,Male,Caucasian,0,F,1,0
24,Male,Hispanic,0,F,10,0
37,Male,Caucasian,3,F,2,0
47,Male,Caucasian,3,F,1,0
34,Male,Caucasian,4,F,6,1
56,Male,Caucasian,0,F,1,0
34,Male,Hispanic,4,F,1,1
59,Male,Caucasian,1,F,1,1
35,Male,Asian,0,F,6,0
58,Male,Hispanic,1,F,1,0
29,Male,Hispanic,2,M,4,0
24,Female,Caucasian,6,F,9,1
21,Male,Caucasian,2,M,9,1
50,Male,Asian,5,F,7,1
26,Male,African-American,1,F,2,0
30,Female,Caucasian,0,M,2,0
29,Male,Caucasian,0,M,4,1
54,Male,African-American,0,M,1,0
29,Male,African-American,4,F,4,1
59,Female,Caucasian,0,M,1,0
38,Male,African-American,0,F,5,0
27,Male,Caucasian,1,M,3,1
26,Male,Hispanic,7,F,5,1
52,Male,Hispanic,20,F,3,0
66,Male,African-American,33,F,6,1
27,Male,Caucasian,2,F,5,0
51,Male,Caucasian,1,M,1,0
35,Male,Caucasian,1,F,2,0
52,Male,Caucasian,4,M,3,0
48,Male,Other,12,F,5,0
26,Female,African-American,0,M,2,0
48,Female,Caucasian,0,M,1,0
30,Male,Hispanic,7,M,4,0
28,Male,Other,2,M,1,0
33,Male,African-American,2,M,3,0
34,Female,African-American,6,F,4,0
25,Male,Other,0,M,1,0
59,Male,African-American,10,F,7,1
29,Male,African-American,5,F,5,1
24,Male,Caucasian,0,F,2,0
48,Male,Caucasian,1,F,7,1
52,Male,African-American,4,M,5,0
20,Male,African-American,0,F,4,1
25,Male,Caucasian,4,F,4,1
24,Male,Caucasian,0,F,2,0
23,Male,Caucasian,0,M,9,0
27,Male,Caucasian,6,F,4,0
25,Male,African-American,1,M,3,1
31,Male,African-American,0,F,2,0
25,Male,African-American,6,F,4,1
32,Male,Caucasian,1,F,1,1
21,Male,Caucasian,0,F,3,1
37,Male,Other,1,F,1,0
25,Male,Caucasian,0,F,3,0
32,Male,Hispanic,20,F,10,0
35,Male,African-American,0,F,7,0
42,Male,African-American,14,F,7,1
24,Male,Caucasian,9,M,10,1
21,Male,Hispanic,0,F,6,1
47,Male,Caucasian,1,M,1,0
27,Male,African-American,5,F,9,1
43,Male,Hispanic,2,M,1,1
46,Male,Caucasian,2,F,6,1
44,Male,African-American,1,M,3,0
23,Male,Caucasian,2,F,2,0
42,Male,African-American,8,F,5,0
58,Male,African-American,6,F,6,0
26,Male,African-American,3,F,6,0
48,Female,Other,0,F,1,0
39,Male,African-American,3,F,3,1
21,Male,African-American,3,F,5,1
63,Male,Caucasian,1,M,1,0
22,Male,African-American,3,F,7,1
50,Male,African-American,3,M,3,0
38,Male,African-American,0,F,1,0
41,Male,Caucasian,1,F,6,0
28,Male,African-American,16,F,8,1
30,Female,African-American,0,M,3,0
23,Male,African-American,1,F,5,0
25,Male,Caucasian,2,F,4,1
40,Male,Caucasian,5,F,4,0
24,Male,Hispanic,8,F,8,0
27,Male,African-American,5,M,4,1
44,Male,Caucasian,11,M,3,0
35,Female,African-American,6,F,2,1
42,Male,Caucasian,0,M,1,0
38,Male,African-American,15,F,7,0
26,Male,Hispanic,4,F,6,0
25,Female,African-American,0,M,3,0
64,Male,Hispanic,1,F,1,0
49,Female,Caucasian,2,M,1,1
50,Male,Caucasian,5,F,1,1
66,Male,Caucasian,0,M,1,1
46,Female,Caucasian,0,M,1,0
30,Male,African-American,5,F,6,1
22,Female,Caucasian,0,M,3,0
23,Male,Caucasian,1,M,4,0
30,Male,Other,0,M,6,1
31,Male,Hispanic,0,M,1,0
31,Male,Other,1,F,2,0
25,Male,African-American,0,M,3,0
21,Female,Caucasian,0,F,7,0
27,Male,African-American,0,M,2,0
20,Male,Hispanic,0,M,2,1
32,Male,Hispanic,1,F,1,0
24,Female,Caucasian,0,F,5,0
20,Male,African-American,1,F,3,0
31,Male,African-American,3,M,8,1
27,Male,African-American,3,M,7,1
40,Male,African-American,0,F,2,0
22,Male,African-American,11,F,10,1
38,Female,African-American,1,F,1,0
36,Male,Hispanic,1,M,10,1
30,Male,African-American,1,M,7,0
27,Male,Caucasian,6,F,6,1
59,Female,Caucasian,0,M,1,0
37,Male,Caucasian,2,M,1,0
28,Male,African-American,5,M,7,1
38,Male,Caucasian,0,F,1,0
22,Male,African-American,0,F,8,1
25,Male,African-American,4,F,5,1
51,Male,Caucasian,0,M,1,0
29,Male,Caucasian,2,M,2,1
28,Male,African-American,10,F,3,0
55,Male,African-American,9,M,3,1
23,Female,Caucasian,3,F,10,0
22,Female,African-American,0,M,5,0
19,Female,Caucasian,2,F,10,1
31,Male,African-American,1,M,1,0
29,Male,African-American,0,M,1,0
61,Male,African-American,15,F,6,1
31,Male,Hispanic,0,M,2,0
20,Male,African-American,4,F,9,1
26,Male,Caucasian,3,F,7,1
27,Male,Caucasian,5,M,9,0
25,Male,Caucasian,1,F,5,0
23,Male,Caucasian,3,F,5,1
38,Male,African-American,0,F,1,0
27,Male,African-American,18,F,9,1
35,Female,Caucasian,0,F,3,1
22,Male,Other,0,F,9,0
58,Female,African-American,4,F,2,1
57,Female,Caucasian,0,M,4,1
21,Male,African-American,0,F,3,0
22,Female,African-American,0,F,8,0
30,Male,African-American,0,F,2,0
30,Male,African-American,8,F,8,1
31,Female,African-American,10,F,6,0
45,Female,Caucasian,1,F,6,0
39,Male,Caucasian,2,F,2,1
31,Male,African-American,0,F,8,1
22,Male,African-American,1,F,4,1
27,Male,African-American,13,F,7,1
38,Male,Caucasian,1,F,1,1
31,Male,African-American,23,F,10,1
47,Male,African-American,20,F,9,0
22,Male,African-American,3,F,7,0
35,Male,African-American,1,M,9,1
23,Male,Hispanic,2,M,6,1
65,Male,African-American,2,M,2,1
35,Male,African-American,0,M,4,0
33,Female,African-American,0,F,3,0
53,Male,Caucasian,1,M,1,0
52,Male,Hispanic,0,F,1,0
21,Male,African-American,0,F,5,0
37,Male,African-American,11,F,4,0
30,Male,Other,4,M,9,1
54,Male,Other,0,F,1,0
31,Female,African-American,0,M,1,0
59,Female,Caucasian,2,F,3,0
27,Male,African-American,0,M,2,0
36,Male,African-American,0,M,7,1
46,Male,African-American,17,F,9,1
22,Male,African-American,3,F,9,0
28,Female,Caucasian,0,M,2,0
34,Female,Caucasian,15,F,9,1
29,Male,Hispanic,7,F,9,1
23,Male,African-American,2,M,10,1
27,Male,African-American,3,F,4,0
21,Male,Asian,0,F,6,1
48,Male,Caucasian,3,F,1,1
31,Male,African-American,5,F,7,0
36,Male,African-American,4,M,5,0
44,Male,African-American,14,F,8,1
53,Male,Caucasian,2,F,1,0
33,Male,African-American,3,M,2,1
47,Male,Caucasian,2,F,5,1
57,Male,African-American,20,F,7,1
28,Male,African-American,2,M,4,0
24,Male,African-American,1,M,6,0
44,Male,African-American,1,F,1,0
46,Male,African-American,0,F,1,0
37,Male,African-American,6,F,3,0
26,Male,African-American,10,M,6,1
27,Male,African-American,10,F,8,1
40,Male,Caucasian,1,F,2,0
60,Female,Caucasian,9,F,3,1
53,Male,Caucasian,1,F,1,0
28,Male,African-American,0,F,1,0
23,Male,Hispanic,0,M,4,0
46,Female,Caucasian,2,F,8,0
23,Male,African-American,0,F,5,1
50,Male,African-American,18,F,8,1
45,Male,African-American,0,M,1,0
22,Male,African-American,1,F,5,0
26,Male,Caucasian,1,F,2,1
62,Male,Caucasian,0,F,1,0
34,Male,Caucasian,0,M,1,1
24,Male,Hispanic,1,F,10,0
21,Male,Caucasian,0,M,2,0
25,Male,Caucasian,0,F,2,1
68,Male,Caucasian,0,M,1,0
21,Male,Caucasian,1,F,3,0
37,Female,Hispanic,1,F,3,0
22,Male,African-American,0,F,8,0
42,Male,Caucasian,1,F,1,0
22,Male,Caucasian,1,F,4,1
45,Male,African-American,0,F,4,1
36,Female,African-American,4,F,10,1
48,Male,African-American,2,F,6,0
23,Male,African-American,6,F,9,1
24,Male,African-American,0,F,8,0
29,Male,African-American,0,F,2,0
24,Male,African-American,0,F,3,0
50,Male,African-American,11,F,9,0
34,Male,African-American,10,F,7,1
23,Male,African-American,0,F,2,0
22,Female,Caucasian,0,M,5,0
36,Male,Other,0,F,1,0
30,Male,Caucasian,22,F,5,1
21,Male,African-American,0,F,10,1
53,Female,Caucasian,0,F,1,0
25,Male,African-American,7,M,5,1
25,Female,African-American,1,M,9,0
71,Male,African-American,8,F,1,0
39,Male,African-American,10,M,9,0
37,Female,African-American,0,F,5,0
20,Male,African-American,0,F,5,1
29,Female,African-American,3,F,5,0
22,Male,African-American,2,F,5,1
26,Male,African-American,4,F,7,1
47,Female,African-American,19,F,10,1
21,Male,Other,1,F,4,1
23,Female,Other,0,M,10,0
20,Female,Caucasian,1,F,8,1
23,Female,African-American,0,F,2,0
27,Male,Native American,3,M,7,0
53,Female,African-American,0,F,1,0
23,Female,African-American,0,F,7,0
26,Male,African-American,5,F,7,1
25,Male,African-American,6,F,6,0
23,Male,Other,2,M,4,0
27,Male,African-American,4,F,9,1
29,Male,African-American,1,M,4,0
27,Male,Other,1,F,2,1
28,Male,Hispanic,0,F,2,0
31,Male,African-American,0,M,2,0
41,Male,African-American,8,F,6,1
25,Male,Caucasian,0,M,2,0
47,Male,Caucasian,0,M,1,0
37,Male,African-American,4,F,2,0
35,Female,African-American,4,F,5,0
24,Male,Caucasian,1,M,4,1
21,Male,Caucasian,2,F,9,1
22,Male,Caucasian,0,F,4,1
57,Male,African-American,11,F,6,0
48,Male,Caucasian,0,F,7,0
36,Male,Other,0,F,1,0
37,Female,African-American,3,F,7,0
31,Male,Caucasian,0,M,1,0
22,Male,African-American,1,F,9,1
31,Male,Caucasian,2,M,3,0
24,Male,African-American,0,F,5,1
32,Male,African-American,22,F,9,1
23,Female,Other,0,M,4,0
63,Male,African-American,0,M,1,0
30,Male,Other,0,F,1,0
20,Male,Caucasian,0,F,4,0
24,Female,African-American,1,M,5,1
36,Female,African-American,1,M,2,0
83,Male,Hispanic,0,M,1,0
28,Male,Caucasian,2,F,6,0
36,Male,African-American,3,F,2,1
33,Female,African-American,0,M,2,0
39,Male,African-American,0,F,3,0
29,Male,Other,3,M,7,0
30,Male,African-American,17,F,10,1
24,Male,African-American,1,F,1,1
35,Male,African-American,7,F,6,0
24,Male,African-American,0,F,3,0
26,Male,Caucasian,8,F,4,0
28,Male,African-American,14,F,7,1
32,Male,African-American,0,M,5,0
32,Female,Caucasian,1,M,3,1
33,Male,African-American,5,M,8,1
29,Male,African-American,16,F,10,0
34,Male,Caucasian,1,M,3,1
37,Female,Other,0,M,1,1
43,Male,Caucasian,0,M,1,0
47,Male,Caucasian,2,F,4,0
25,Male,African-American,3,M,6,1
23,Female,African-American,1,F,3,0
39,Male,Caucasian,2,M,2,0
35,Male,African-American,13,F,8,1
33,Male,Other,0,F,1,0
21,Male,Other,0,F,3,1
43,Male,African-American,20,F,8,0
25,Male,African-American,3,F,8,1
48,Male,African-American,25,F,10,1
22,Male,African-American,1,M,7,1
52,Male,African-American,9,M,8,1
26,Male,Caucasian,5,F,4,1
67,Male,African-American,4,M,7,1
34,Male,African-American,4,M,2,0
56,Male,Caucasian,4,M,1,0
28,Male,African-American,1,F,4,1
29,Male,African-American,2,M,4,0
37,Male,African-American,6,F,5,1
43,Male,Other,3,F,2,0
51,Male,Caucasian,0,F,1,0
20,Male,African-American,1,M,7,1
26,Male,Caucasian,4,M,7,1
39,Female,Caucasian,1,M,2,1
21,Male,African-American,1,F,8,0
21,Male,African-American,1,F,9,1
24,Male,Caucasian,3,F,4,1
26,Male,African-American,4,M,8,1
48,Male,Caucasian,1,F,2,0
24,Male,African-American,5,F,5,1
26,Male,Caucasian,0,F,4,0
46,Male,Caucasian,0,F,1,0
24,Male,African-American,7,M,9,0
21,Female,Caucasian,0,M,5,0
24,Male,African-American,1,F,3,1
36,Male,African-American,9,M,8,0
30,Male,African-American,5,F,4,1
22,Female,Caucasian,1,F,6,0
25,Male,African-American,0,F,9,1
31,Male,African-American,25,M,8,1
24,Male,African-American,0,F,4,0
39,Male,African-American,13,F,8,1
46,Male,Other,0,F,1,0
30,Female,African-American,4,F,3,0
40,Male,Caucasian,0,F,2,0
52,Female,African-American,0,F,1,0
23,Male,African-American,3,F,9,0
26,Female,African-American,1,M,2,0
22,Male,Caucasian,1,F,8,1
42,Male,Caucasian,3,F,4,0
23,Male,African-American,6,F,10,1
33,Male,Other,4,F,3,1
28,Male,African-American,1,F,3,0
50,Male,Caucasian,1,F,1,0
32,Male,African-American,1,F,7,0
24,Male,Hispanic,3,F,6,1
51,Male,African-American,3,F,2,0
19,Male,Caucasian,1,M,4,1
32,Male,African-American,4,F,5,0
31,Female,Caucasian,1,F,3,1
29,Female,African-American,1,F,5,0
43,Male,Hispanic,0,M,1,0
26,Male,African-American,9,F,7,1
27,Male,Caucasian,0,F,10,1
52,Male,Caucasian,1,F,1,1
27,Male,Hispanic,1,M,1,0
57,Female,Hispanic,1,M,2,0
28,Male,African-American,3,M,6,1
32,Male,African-American,3,F,1,1
27,Male,African-American,5,M,3,1
45,Male,Hispanic,0,M,1,1
42,Female,Caucasian,0,M,1,0
33,Male,African-American,0,F,2,1
28,Female,Caucasian,3,M,4,0
53,Female,Caucasian,0,M,1,0
24,Male,Caucasian,0,F,2,0
28,Male,Hispanic,1,F,2,0
28,Male,Hispanic,1,F,5,0
39,Male,African-American,6,M,7,1
22,Male,African-American,1,F,7,1
46,Male,African-American,2,F,2,1
25,Male,African-American,0,M,2,0
52,Male,Caucasian,1,F,5,0
28,Male,African-American,4,M,2,1
57,Female,Caucasian,1,F,1,1
49,Male,African-American,3,F,1,1
21,Male,African-American,2,F,9,1
32,Male,African-American,19,F,10,1
63,Male,African-American,3,M,9,0
29,Male,Caucasian,2,F,3,0
46,Male,African-American,0,M,1,0
28,Male,African-American,10,M,7,1
27,Male,African-American,1,F,2,0
69,Female,Hispanic,0,M,1,0
47,Male,Hispanic,0,M,1,0
45,Male,Hispanic,1,F,3,0
33,Female,Caucasian,1,M,1,0
27,Female,Hispanic,0,M,2,1
32,Male,African-American,14,F,9,1
24,Male,African-American,2,F,7,0
26,Male,African-American,5,F,10,1
47,Male,Hispanic,0,M,4,0
25,Male,Caucasian,1,F,5,0
21,Male,African-American,1,F,8,0
25,Male,African-American,2,M,2,1
22,Male,African-American,6,F,7,1
26,Female,Caucasian,0,F,6,0
20,Male,Caucasian,0,F,4,0
30,Male,African-American,1,M,5,1
45,Male,African-American,0,F,5,1
33,Male,African-American,7,F,7,1
35,Male,Caucasian,2,F,1,0
41,Male,Caucasian,5,F,1,0
23,Male,Caucasian,0,M,3,0
21,Female,Caucasian,0,M,5,1
54,Male,African-American,0,F,1,0
27,Male,African-American,10,F,6,1
22,Male,Caucasian,0,M,3,0
21,Female,Hispanic,0,M,7,1
23,Male,African-American,2,F,6,1
30,Male,Hispanic,1,M,1,0
36,Male,African-American,5,M,8,1
29,Male,African-American,10,F,7,1
54,Male,African-American,4,M,5,1
22,Male,Caucasian,2,M,5,1
26,Male,African-American,0,M,4,1
20,Female,African-American,0,F,4,0
52,Male,African-American,6,M,1,1
29,Male,African-American,0,F,1,0
23,Female,African-American,6,M,7,0
35,Male,African-American,1,M,1,0
32,Male,Caucasian,8,F,9,1
21,Male,African-American,1,M,7,1
25,Male,Hispanic,0,F,3,0
30,Male,African-American,4,M,4,1
30,Female,African-American,3,F,4,0
23,Male,African-American,2,F,7,1
32,Male,Caucasian,8,F,4,0
29,Male,African-American,6,F,10,1
42,Male,Caucasian,0,M,1,0
21,Male,African-American,0,F,8,1
22,Female,African-American,0,M,3,0
45,Male,Hispanic,2,F,1,0
29,Male,African-American,0,M,2,0
30,Male,African-American,6,F,5,1
51,Male,African-American,17,M,4,0
45,Male,Hispanic,20,F,3,1
24,Male,Caucasian,2,F,6,0
23,Male,African-American,2,M,7,0
36,Male,African-American,5,F,4,0
69,Male,Hispanic,0,M,1,0
21,Male,Hispanic,1,F,5,1
59,Male,Hispanic,1,M,1,0
39,Male,African-American,1,F,6,0
29,Male,African-American,2,F,6,0
22,Male,Hispanic,1,M,7,1
44,Male,Caucasian,6,F,3,0
25,Male,African-American,2,F,5,0
31,Male,African-American,0,F,10,0
35,Male,African-American,17,M,7,1
27,Male,African-American,11,M,10,1
33,Male,African-American,1,F,5,0
28,Male,African-American,6,F,9,1
60,Male,Caucasian,1,F,1,0
53,Male,Hispanic,0,M,1,0
51,Male,Hispanic,0,F,1,1
54,Female,African-American,0,F,1,0
24,Male,Caucasian,3,M,4,0
55,Male,Hispanic,1,F,2,1
26,Male,Hispanic,0,F,3,0
75,Female,African-American,5,F,1,0
36,Male,African-American,16,F,5,1
34,Male,Other,0,F,2,1
25,Female,African-American,5,M,7,1
46,Male,Caucasian,0,F,1,0
27,Male,African-American,1,F,2,0
28,Male,African-American,3,M,3,1
42,Male,African-American,13,M,8,1
59,Male,African-American,2,M,1,0
39,Male,Caucasian,1,F,1,0
46,Male,Caucasian,5,M,4,0
25,Male,Other,1,F,2,0
55,Male,Caucasian,2,F,1,0
35,Male,African-American,1,M,10,1
43,Male,African-American,0,M,1,1
53,Female,Caucasian,0,M,1,0
21,Female,African-American,0,M,5,0
55,Male,African-American,17,F,10,1
27,Male,African-American,1,F,3,1
40,Male,African-American,0,F,1,0
37,Female,Caucasian,0,M,1,0
32,Male,Caucasian,2,M,2,1
32,Male,African-American,2,M,2,0
36,Male,African-American,4,M,5,1
22,Male,Hispanic,0,M,3,0
31,Female,African-American,0,F,8,0
26,Female,African-American,4,F,7,1
50,Female,Caucasian,30,M,6,1
47,Male,African-American,4,F,3,0
36,Male,African-American,2,F,3,0
38,Female,Caucasian,0,F,1,0
35,Male,Other,0,F,1,0
53,Male,Caucasian,0,F,1,0
53,Male,African-American,2,F,3,0
57,Male,African-American,19,F,7,0
22,Male,African-American,5,F,8,1
21,Male,African-American,0,F,10,1
26,Male,African-American,0,F,3,1
27,Male,African-American,2,F,5,0
49,Female,Caucasian,4,F,5,0
47,Male,Caucasian,1,F,3,1
30,Male,African-American,8,F,10,1
44,Male,Caucasian,3,F,1,0
34,Male,African-American,1,F,1,0
45,Male,African-American,10,F,3,1
38,Male,Hispanic,0,F,4,0
50,Male,Caucasian,2,M,1,0
29,Male,Caucasian,1,M,6,0
26,Male,Caucasian,0,F,4,0
22,Female,African-American,1,F,6,1
47,Male,Hispanic,0,M,1,0
49,Male,Caucasian,0,F,1,0
49,Male,African-American,1,F,3,1
59,Male,Caucasian,2,F,1,0
32,Male,Caucasian,6,M,5,0
24,Male,African-American,1,M,2,1
40,Male,Hispanic,0,M,2,0
32,Male,African-American,0,F,1,0
54,Female,Hispanic,0,M,1,0
27,Male,African-American,9,F,10,1
25,Male,Caucasian,2,M,8,0
20,Male,Caucasian,0,M,5,1
37,Male,African-American,18,M,9,0
30,Female,Caucasian,5,F,10,1
23,Male,African-American,1,F,6,1
20,Female,African-American,0,F,8,0
50,Male,Caucasian,8,F,2,0
50,Male,African-American,7,F,2,0
40,Male,Caucasian,3,F,1,0
24,Female,Caucasian,2,F,7,0
24,Male,Hispanic,0,F,6,1
23,Female,African-American,3,F,5,1
54,Male,Caucasian,3,M,1,1
25,Male,Caucasian,4,M,10,0
46,Male,Caucasian,1,M,1,0
25,Male,Other,1,F,5,0
22,Female,Caucasian,0,M,3,0
32,Female,Caucasian,1,F,2,0
25,Male,African-American,0,M,3,1
33,Male,African-American,16,F,9,1
33,Male,African-American,4,M,5,1
24,Male,African-American,0,F,2,0
33,Male,African-American,12,M,9,1
37,Male,Caucasian,0,M,2,0
40,Female,Caucasian,0,M,1,0
43,Male,African-American,9,F,6,1
35,Male,African-American,5,F,6,1
25,Male,African-American,11,F,9,1
61,Male,African-American,1,F,1,1
52,Female,African-American,1,F,1,0
39,Male,African-American,1,M,2,1
47,Male,African-American,5,F,4,0
52,Female,Caucasian,6,M,7,0
37,Male,Caucasian,0,M,1,0
24,Female,African-American,0,F,7,0
34,Female,African-American,14,F,9,0
20,Male,Other,0,M,4,1
25,Male,Caucasian,1,M,3,1
62,Female,Caucasian,0,M,1,0
23,Male,Caucasian,0,F,3,1
60,Female,Caucasian,0,F,7,0
35,Male,Caucasian,0,M,1,0
24,Female,African-American,0,F,7,0
30,Male,Caucasian,0,M,1,0
35,Male,Caucasian,4,F,5,1
28,Female,Caucasian,0,M,4,0
56,Male,African-American,0,F,1,0
23,Male,African-American,2,F,2,1
20,Male,Hispanic,0,F,3,1
23,Male,Caucasian,1,M,2,0
21,Male,African-American,0,F,9,1
35,Female,African-American,2,F,5,0
33,Male,Caucasian,3,M,3,0
21,Male,Hispanic,0,F,4,0
41,Male,African-American,9,M,9,0
24,Male,African-American,0,F,5,0
20,Male,Hispanic,2,F,10,1
28,Male,African-American,9,F,8,1
25,Male,Native American,7,F,9,0
49,Male,African-American,3,F,2,0
22,Female,Hispanic,0,F,6,0
21,Male,African-American,0,F,3,1
27,Female,African-American,3,F,9,1
50,Male,African-American,4,M,5,0
23,Female,African-American,0,M,3,0
34,Male,Caucasian,0,M,4,0
25,Male,African-American,4,F,5,1
33,Female,Caucasian,2,F,5,1
25,Male,Other,1,M,4,1
30,Male,Hispanic,0,M,1,0
42,Male,Native American,0,M,2,0
29,Female,Caucasian,11,F,10,1
32,Female,African-American,6,F,4,1
24,Male,Other,5,F,6,0
52,Male,African-American,3,F,1,0
26,Female,Caucasian,3,M,3,0
31,Male,Caucasian,2,F,3,1
38,Male,Hispanic,0,F,1,0
30,Female,Caucasian,0,F,5,0
20,Male,African-American,0,M,10,1
24,Male,Asian,0,F,3,0
31,Male,Caucasian,0,F,4,0
37,Female,Caucasian,1,M,3,0
43,Male,Hispanic,0,M,2,1
49,Male,Caucasian,8,F,6,1
33,Female,African-American,1,F,2,0
42,Male,African-American,0,M,1,0
44,Male,Caucasian,0,F,2,1
28,Male,African-American,5,F,6,1
32,Male,African-American,4,F,6,1
28,Male,African-American,7,F,7,1
38,Male,Caucasian,0,F,4,0
38,Male,African-American,3,F,4,0
34,Female,African-American,0,M,3,0
21,Male,Caucasian,1,F,6,1
36,Male,African-American,1,F,8,1
29,Male,African-American,0,M,2,1
34,Male,African-American,3,F,6,1
38,Male,African-American,1,M,2,0
36,Male,Caucasian,0,F,1,0
32,Male,Hispanic,0,M,2,0
23,Male,African-American,0,M,9,0
47,Male,Caucasian,0,M,1,0
20,Male,African-American,0,F,3,0
25,Female,African-American,2,F,8,1
35,Male,African-American,0,M,1,0
28,Female,Caucasian,1,M,4,0
24,Male,African-American,2,M,5,1
22,Male,African-American,0,F,9,0
20,Male,Other,8,F,10,1
40,Male,Hispanic,0,M,1,0
27,Male,Other,1,F,4,0
60,Male,African-American,12,F,3,0
33,Male,African-American,6,M,5,0
34,Male,African-American,2,M,4,1
24,Male,Caucasian,4,M,8,0
27,Male,African-American,0,M,2,1
29,Male,African-American,4,F,10,1
21,Male,Caucasian,1,F,7,1
32,Male,Hispanic,0,M,1,0
42,Female,Caucasian,0,F,1,1
32,Male,African-American,1,F,4,0
27,Male,Other,0,F,1,0
30,Male,Caucasian,3,M,4,0
22,Male,African-American,1,F,3,1
20,Male,Caucasian,0,M,10,1
57,Male,Caucasian,0,M,2,0
51,Male,Caucasian,3,F,1,1
21,Male,African-American,0,F,4,0
22,Male,African-American,0,F,5,0
35,Male,African-American,4,F,8,1
58,Male,Caucasian,2,F,3,0
32,Female,Caucasian,0,F,1,1
30,Male,Caucasian,9,M,6,1
20,Male,African-American,0,F,10,1
40,Male,Other,0,M,1,0
45,Female,Caucasian,5,M,2,0
31,Male,African-American,4,F,3,1
23,Male,Hispanic,4,F,9,0
26,Male,Hispanic,0,M,5,1
53,Female,Caucasian,1,M,3,0
44,Male,Caucasian,0,M,1,0
44,Female,Caucasian,1,M,5,0
21,Male,Caucasian,0,F,2,1
28,Male,African-American,0,M,1,0
28,Male,Caucasian,2,M,1,0
24,Male,African-American,0,F,3,1
28,Male,African-American,0,F,2,0
53,Male,Caucasian,4,F,1,0
47,Male,Hispanic,1,F,5,0
20,Male,African-American,1,F,3,0
21,Male,African-American,0,M,6,0
30,Male,Other,1,F,2,1
37,Male,Caucasian,1,M,1,1
60,Male,Hispanic,1,F,1,0
26,Male,Hispanic,1,M,2,1
30,Male,Caucasian,0,M,1,0
26,Male,Caucasian,2,F,8,1
26,Female,African-American,5,F,9,1
21,Male,Hispanic,0,F,5,0
39,Female,African-American,1,F,2,0
30,Male,Other,0,F,2,0
44,Male,African-American,2,F,5,0
45,Male,Caucasian,0,M,2,0
30,Male,African-American,1,F,1,0
38,Male,Asian,2,F,1,0
23,Male,Caucasian,6,F,5,1
46,Male,Asian,0,M,1,0
42,Male,African-American,0,F,1,0
54,Male,Caucasian,4,M,2,0
47,Male,African-American,7,F,1,1
26,Male,Caucasian,0,F,7,1
29,Male,Caucasian,7,M,10,1
51,Male,Caucasian,7,F,1,1
44,Male,African-American,0,M,1,0
49,Male,Caucasian,12,M,5,0
22,Male,African-American,0,F,8,1
32,Male,African-American,4,M,4,1
27,Male,African-American,0,M,3,0
30,Male,Caucasian,0,M,2,0
28,Male,Hispanic,11,M,7,0
45,Male,Other,0,M,1,0
51,Female,Caucasian,5,F,5,0
27,Male,African-American,4,F,2,1
32,Male,African-American,0,F,7,1
43,Male,African-American,2,F,3,0
37,Male,Caucasian,2,F,2,0
26,Male,African-American,0,F,4,1
26,Male,African-American,0,M,2,0
32,Male,Other,4,F,3,0
39,Male,Hispanic,3,F,4,0
58,Female,African-American,4,F,1,0
33,Male,Other,0,M,2,0
22,Female,Caucasian,1,M,3,0
21,Male,African-American,2,F,10,1
31,Male,Caucasian,0,F,7,1
43,Male,Caucasian,2,F,1,0
23,Male,African-American,0,M,7,0
25,Male,Caucasian,0,F,2,0
22,Male,African-American,6,F,9,0
30,Male,African-American,6,F,4,0
25,Male,African-American,15,F,9,1
20,Male,African-American,0,F,7,1
39,Male,Hispanic,0,F,1,0
33,Male,African-American,1,F,2,1
59,Male,African-American,1,F,4,0
21,Male,Hispanic,1,F,9,0
53,Male,African-American,8,F,6,1
34,Male,Caucasian,2,M,2,0
36,Male,Caucasian,6,F,4,0
23,Male,African-American,0,F,3,0
32,Male,African-American,2,M,8,0
32,Male,African-American,11,M,9,1
66,Male,Other,0,M,1,0
24,Female,Caucasian,0,M,6,0
30,Male,African-American,7,F,10,1
28,Male,African-American,1,M,7,0
43,Male,Caucasian,4,F,5,1
35,Male,African-American,3,M,2,0
19,Male,African-American,2,F,8,1
22,Male,African-American,1,M,6,1
29,Male,African-American,0,F,1,0
23,Female,African-American,0,M,4,0
33,Female,Caucasian,0,M,2,0
35,Male,African-American,1,M,4,0
53,Male,Caucasian,0,F,1,0
59,Male,Caucasian,17,F,6,1
48,Female,Caucasian,0,M,1,0
33,Female,African-American,1,F,2,0
44,Male,Caucasian,0,M,1,0
31,Male,Caucasian,10,F,2,1
28,Male,African-American,2,F,4,1
51,Male,Hispanic,1,F,1,0
23,Male,African-American,0,F,7,1
21,Male,Hispanic,0,F,7,0
26,Male,Caucasian,0,F,5,0
22,Male,African-American,3,F,9,0
29,Male,African-American,0,M,2,0
20,Male,African-American,2,F,9,1
44,Male,Caucasian,0,M,1,0
41,Male,African-American,2,F,5,0
28,Female,African-American,4,F,4,0
27,Male,Caucasian,1,M,6,1
31,Male,Caucasian,7,M,3,0
26,Male,African-American,3,F,3,1
20,Male,African-American,0,F,4,0
55,Male,Caucasian,2,M,1,1
36,Male,African-American,0,F,8,0
48,Male,Other,4,F,1,1
22,Male,Other,5,F,4,1
23,Male,African-American,1,M,9,0
34,Male,African-American,19,F,10,1
59,Female,Caucasian,1,F,1,0
37,Male,Caucasian,0,F,2,1
28,Female,Caucasian,0,F,4,1
31,Male,African-American,0,F,2,0
38,Female,African-American,14,F,10,1
33,Male,African-American,0,F,1,1
27,Male,African-American,3,F,8,1
25,Male,Caucasian,2,M,4,1
42,Female,African-American,2,F,2,0
22,Male,African-American,3,F,8,1
21,Male,Other,0,F,6,0
45,Male,Caucasian,1,F,5,1
21,Female,African-American,1,M,3,1
52,Male,Caucasian,2,M,1,0
29,Male,Caucasian,0,M,3,0
37,Female,African-American,0,M,4,0
34,Male,Caucasian,0,F,2,0
53,Male,African-American,0,M,1,1
30,Female,African-American,8,F,8,1
35,Male,Hispanic,0,M,3,0
28,Male,Caucasian,1,F,4,0
21,Male,African-American,1,F,8,0
22,Male,African-American,1,F,7,0
42,Male,Caucasian,1,M,3,1
26,Male,African-American,3,F,4,1
54,Male,African-American,9,M,1,0
39,Male,Other,1,F,2,1
30,Male,African-American,20,F,9,1
26,Female,African-American,1,F,6,1
41,Male,African-American,0,M,1,0
23,Male,Caucasian,5,M,5,1
43,Male,Caucasian,1,F,2,1
22,Male,African-American,0,M,3,1
27,Female,Caucasian,6,F,3,1
42,Female,African-American,2,M,3,0
25,Male,African-American,8,F,6,1
49,Male,African-American,4,M,2,0
52,Male,Caucasian,1,F,1,0
60,Female,Caucasian,2,F,1,0
23,Female,African-American,0,M,6,0
30,Male,African-American,2,M,7,0
48,Male,African-American,9,F,6,1
32,Male,African-American,2,F,7,1
28,Male,Hispanic,3,F,3,1
24,Male,African-American,5,F,7,1
22,Male,African-American,3,F,5,1
44,Male,African-American,2,F,2,0
32,Male,Caucasian,3,F,4,0
27,Female,African-American,1,M,2,0
52,Male,African-American,15,M,4,1
61,Male,Caucasian,3,M,2,1
69,Male,African-American,3,M,1,0
51,Male,Other,2,F,1,0
21,Female,Caucasian,1,F,6,0
31,Male,Caucasian,2,M,6,1
19,Male,African-American,3,F,4,1
24,Male,African-American,12,M,9,1
24,Male,Caucasian,3,F,8,1
57,Male,Hispanic,3,F,1,0
30,Male,Caucasian,6,F,7,0
43,Male,African-American,4,F,1,1
24,Male,African-American,4,F,7,0
30,Female,Caucasian,7,M,7,0
25,Male,African-American,5,F,9,1
56,Female,Caucasian,1,F,8,0
21,Male,African-American,1,F,8,0
31,Male,African-American,6,F,10,1
23,Female,African-American,1,F,9,0
30,Male,African-American,15,F,10,1
42,Male,Other,1,M,1,0
64,Male,Caucasian,0,F,3,0
21,Female,Caucasian,0,F,6,1
36,Male,African-American,5,F,3,0
50,Female,African-American,1,F,1,0
23,Male,African-American,0,M,3,1
28,Male,Native American,2,F,3,0
25,Female,Caucasian,5,F,7,0
54,Male,Caucasian,14,M,4,1
37,Male,Other,6,M,1,0
25,Male,Caucasian,5,M,9,1
63,Male,Caucasian,0,M,1,1
35,Male,African-American,2,M,7,0
26,Male,Hispanic,0,M,1,1
25,Male,African-American,8,M,10,1
33,Male,Caucasian,0,M,1,0
29,Male,African-American,7,F,3,0
27,Male,Hispanic,2,M,4,0
37,Male,African-American,12,M,9,1
20,Female,Caucasian,3,M,10,1
32,Male,African-American,1,F,2,1
72,Male,Caucasian,1,M,1,0
38,Male,Caucasian,0,F,1,0
40,Male,Caucasian,0,F,2,0
23,Male,Caucasian,0,F,3,0
21,Male,Caucasian,5,F,8,1
27,Male,Caucasian,4,F,7,1
55,Male,Caucasian,13,F,6,1
41,Female,Caucasian,0,M,1,0
56,Male,Caucasian,1,M,1,0
55,Male,Caucasian,11,M,7,0
23,Female,Hispanic,0,F,6,1
28,Male,African-American,3,F,2,0
31,Male,Other,2,F,2,1
53,Male,Caucasian,0,M,1,0
27,Male,African-American,6,F,5,1
22,Male,Caucasian,0,F,5,1
22,Female,African-American,0,F,4,1
33,Male,African-American,7,M,6,1
34,Male,African-American,15,F,7,0
22,Male,Hispanic,0,M,3,1
32,Male,African-American,12,F,8,0
47,Male,African-American,14,F,9,1
24,Male,Asian,0,M,2,0
25,Male,African-American,14,F,10,1
56,Male,Caucasian,0,F,1,0
36,Male,Hispanic,1,F,4,1
28,Male,African-American,4,F,6,1
20,Male,African-American,2,F,9,1
59,Male,Hispanic,0,M,1,0
29,Female,African-American,11,F,8,0
72,Male,Caucasian,3,F,1,0
24,Female,African-American,2,M,7,1
45,Male,African-American,3,F,9,0
30,Male,African-American,7,M,10,1
45,Male,African-American,0,M,1,0
47,Male,Caucasian,0,M,1,0
24,Male,African-American,0,F,3,1
20,Male,African-American,0,M,3,1
51,Male,Caucasian,6,F,1,1
49,Female,Caucasian,2,M,2,1
41,Male,Caucasian,5,F,1,0
49,Male,Caucasian,1,F,3,0
26,Male,Hispanic,0,M,1,0
28,Female,African-American,0,M,3,0
33,Male,Caucasian,2,M,2,0
46,Male,African-American,0,F,7,0
21,Male,African-American,0,M,4,0
26,Male,African-American,14,F,9,1
48,Male,Hispanic,1,F,1,1
58,Male,African-American,24,F,6,1
29,Male,Other,0,F,1,0
20,Female,African-American,2,F,10,1
28,Male,African-American,0,M,4,1
21,Male,Caucasian,0,F,8,1
26,Male,Other,0,F,7,0
34,Male,African-American,3,M,1,0
32,Male,African-American,15,F,8,1
38,Male,African-American,10,F,4,1
22,Male,African-American,0,F,3,0
42,Male,Caucasian,2,F,5,1
57,Female,Caucasian,0,M,4,0
56,Female,Caucasian,1,F,1,0
32,Male,Hispanic,2,M,5,1
30,Male,African-American,11,F,8,0
29,Male,African-American,2,M,1,0
46,Male,African-American,15,F,7,1
24,Female,African-American,0,F,3,0
70,Female,African-American,1,F,1,0
21,Male,Hispanic,0,F,6,1
45,Female,Caucasian,1,M,1,0
33,Female,Hispanic,2,M,4,0
39,Female,African-American,6,F,5,0
25,Male,Caucasian,6,F,4,0
48,Male,Hispanic,1,M,1,0
46,Male,Caucasian,0,F,1,0
28,Male,Caucasian,0,M,2,1
27,Male,African-American,1,F,2,0
43,Male,Caucasian,11,F,7,1
30,Male,African-American,9,F,10,1
29,Male,Caucasian,1,F,3,0
54,Male,African-American,8,F,1,1
20,Female,Caucasian,0,F,4,0
29,Male,African-American,0,F,1,0
67,Male,Asian,0,M,1,0
25,Male,Other,0,F,2,0
24,Male,African-American,8,F,9,1
29,Male,Other,3,F,6,0
45,Male,African-American,2,M,6,0
31,Male,African-American,5,F,5,1
23,Male,Caucasian,0,F,3,1
21,Male,African-American,0,F,8,1
61,Male,Caucasian,0,M,1,0
51,Female,Caucasian,5,M,7,1
32,Male,Other,1,F,1,0
43,Male,Caucasian,9,F,6,0
32,Male,Other,0,M,1,0
36,Male,African-American,0,F,5,0
58,Male,Caucasian,3,F,4,1
57,Male,African-American,12,F,9,0
37,Male,African-American,2,F,7,0
44,Male,African-American,6,F,6,0
45,Male,African-American,8,F,7,1
48,Male,Other,1,F,1,0
26,Male,African-American,13,F,8,1
34,Male,Caucasian,9,F,6,1
25,Male,African-American,0,F,3,0
31,Male,African-American,8,M,7,1
43,Male,African-American,1,F,1,0
30,Male,African-American,0,M,1,0
50,Male,Caucasian,0,M,1,0
31,Female,African-American,2,F,2,0
33,Female,Caucasian,7,M,6,0
32,Male,African-American,1,F,5,1
46,Female,Caucasian,0,M,1,1
22,Male,Hispanic,0,F,6,0
37,Male,African-American,8,F,5,1
32,Female,Caucasian,6,F,6,1
23,Female,African-American,2,F,7,1
21,Male,Caucasian,0,F,5,0
52,Male,Other,2,F,1,0
49,Male,Caucasian,2,M,2,0
55,Male,Caucasian,3,F,7,1
22,Male,African-American,0,F,2,0
45,Male,Hispanic,0,F,1,0
31,Female,African-American,7,F,5,1
22,Male,Caucasian,0,M,2,1
28,Male,African-American,5,M,6,0
21,Male,African-American,1,F,5,1
37,Male,Hispanic,2,M,3,0
30,Male,African-American,21,F,7,1
22,Male,African-American,13,F,10,1
35,Male,African-American,23,F,9,1
28,Male,African-American,11,F,10,0
24,Male,African-American,1,F,3,0
32,Male,African-American,24,F,7,1
24,Female,African-American,1,F,5,0
57,Male,African-American,19,F,3,0
21,Male,Other,0,M,6,0
28,Male,Caucasian,0,F,2,0
51,Male,Caucasian,0,M,1,0
26,Male,African-American,0,M,2,1
20,Male,African-American,0,F,6,1
25,Male,African-American,6,M,7,0
19,Male,Caucasian,0,M,6,1
49,Male,Caucasian,1,F,1,1
57,Male,African-American,27,M,10,0
27,Female,African-American,0,M,2,0
66,Male,Caucasian,1,M,1,0
21,Male,Caucasian,0,F,3,0
45,Male,Caucasian,1,F,2,0
37,Male,African-American,24,F,8,0
44,Male,Caucasian,13,F,9,1
64,Male,African-American,0,F,4,0
30,Male,African-American,1,F,6,1
61,Male,African-American,1,M,1,0
49,Female,Caucasian,8,F,2,0
23,Male,African-American,0,F,7,0
21,Male,Caucasian,0,F,9,1
30,Female,Caucasian,2,F,10,1
26,Male,Hispanic,7,M,4,0
35,Male,Other,3,M,1,1
27,Male,African-American,2,M,9,0
38,Male,Caucasian,1,M,6,0
48,Male,African-American,14,F,9,1
26,Male,Caucasian,0,M,2,0
24,Male,African-American,4,F,8,1
28,Female,African-American,2,F,5,1
44,Female,Caucasian,4,F,6,1
23,Male,Caucasian,2,F,7,0
34,Female,Caucasian,1,F,6,1
20,Male,Caucasian,1,F,5,1
63,Male,Other,23,F,4,1
36,Female,African-American,0,M,1,0
58,Male,Caucasian,1,F,1,0
35,Female,Caucasian,4,F,3,0
23,Male,African-American,3,F,7,0
40,Male,Caucasian,1,F,1,0
31,Male,Hispanic,3,F,3,0
34,Female,Hispanic,5,F,4,0
23,Male,African-American,3,M,6,1
27,Male,Caucasian,0,M,3,1
26,Female,African-American,3,F,5,0
49,Male,African-American,1,F,1,0
47,Female,Hispanic,0,M,1,0
47,Male,African-American,6,F,2,0
34,Male,African-American,7,F,6,1
27,Male,African-American,10,F,9,0
52,Female,Caucasian,0,M,1,0
26,Male,African-American,0,M,3,1
25,Male,African-American,9,F,7,0
51,Male,African-American,1,F,2,0
29,Female,African-American,1,M,2,0
46,Male,Caucasian,0,F,1,0
28,Male,Caucasian,6,F,4,0
57,Male,African-American,0,F,1,0
23,Male,Hispanic,2,F,5,0
34,Male,African-American,27,F,9,1
27,Male,African-American,3,F,3,0
25,Male,African-American,7,M,9,1
31,Male,Caucasian,1,F,7,1
37,Male,African-American,8,F,2,0
51,Male,African-American,0,F,2,1
28,Male,African-American,8,F,6,0
56,Male,Caucasian,4,F,1,0
45,Male,African-American,15,F,9,1
26,Male,Caucasian,7,F,6,1
33,Male,Caucasian,7,F,8,1
23,Male,Caucasian,0,M,4,0
31,Male,African-American,0,M,2,0
31,Male,Other,0,M,3,0
19,Male,Hispanic,1,F,9,0
32,Male,Caucasian,0,F,1,0
30,Male,Caucasian,1,M,3,1
66,Male,Caucasian,1,F,1,0
40,Female,African-American,0,F,1,0
59,Male,African-American,4,M,2,0
27,Male,African-American,3,M,7,0
22,Male,African-American,0,F,3,0
58,Male,Caucasian,1,F,1,0
29,Male,Caucasian,2,F,3,0
27,Male,African-American,0,F,8,1
24,Male,Caucasian,0,F,5,0
35,Female,Caucasian,3,F,4,0
29,Male,African-American,7,F,8,1
30,Male,African-American,5,F,9,1
23,Male,African-American,1,F,2,0
32,Male,Caucasian,2,F,4,1
22,Male,Caucasian,2,F,5,0
21,Male,African-American,0,M,3,0
43,Female,Caucasian,0,M,2,0
29,Male,African-American,0,F,8,0
43,Male,African-American,1,F,3,0
25,Male,African-American,1,F,2,0
47,Male,Caucasian,0,M,1,0
21,Female,African-American,0,F,5,0
54,Male,Caucasian,0,M,1,0
34,Male,African-American,3,F,1,1
28,Female,African-American,2,M,2,0
53,Female,Caucasian,4,F,1,1
54,Male,African-American,0,M,1,0
37,Male,Hispanic,3,F,1,1
34,Male,African-American,2,F,4,0
60,Female,Caucasian,0,F,1,1
22,Male,African-American,0,F,4,0
51,Male,African-American,3,F,7,0
29,Male,African-American,0,F,2,1
28,Male,African-American,5,M,6,0
33,Male,Caucasian,0,F,1,1
43,Male,Caucasian,4,M,2,0
45,Male,Hispanic,1,M,6,0
32,Male,Caucasian,5,F,5,1
35,Female,African-American,0,F,3,1
23,Male,African-American,1,F,4,1
41,Male,Hispanic,1,M,1,0
25,Male,Other,24,F,10,1
35,Male,Hispanic,12,F,9,0
25,Male,African-American,4,F,6,1
69,Male,Caucasian,6,F,2,1
24,Male,Asian,0,M,3,0
28,Male,Hispanic,0,F,4,0
47,Male,African-American,23,F,7,1
29,Male,African-American,13,F,10,1
26,Male,African-American,9,F,8,1
31,Male,Other,0,M,1,0
28,Male,Caucasian,0,F,7,0
48,Male,Caucasian,1,M,1,1
44,Male,Caucasian,0,M,1,0
42,Male,African-American,7,M,5,0
39,Male,African-American,5,F,7,0
46,Female,Hispanic,2,F,1,0
55,Male,Caucasian,0,M,5,0
27,Male,African-American,5,F,9,1
31,Female,Caucasian,0,M,9,0
25,Male,African-American,0,F,2,0
32,Male,Caucasian,6,M,7,0
36,Male,African-American,2,F,5,0
21,Male,African-American,3,F,7,1
39,Male,Caucasian,2,M,4,0
26,Female,African-American,0,M,2,0
28,Male,African-American,8,F,8,1
67,Male,Caucasian,2,M,1,1
22,Female,Other,0,F,4,0
37,Male,Caucasian,3,M,1,0
23,Male,African-American,2,M,8,1
49,Female,African-American,14,M,7,1
32,Male,Caucasian,9,M,7,1
41,Male,Caucasian,9,M,6,0
25,Male,African-American,1,M,3,0
58,Male,Caucasian,0,M,1,0
44,Male,African-American,19,M,9,1
28,Male,African-American,1,F,4,0
39,Female,African-American,0,F,5,1
54,Male,Caucasian,0,F,1,0
43,Male,Caucasian,0,M,4,0
31,Male,African-American,5,M,10,0
30,Male,African-American,11,F,10,0
27,Male,Caucasian,4,M,4,1
28,Male,African-American,0,M,2,1
24,Male,African-American,0,M,7,0
43,Male,Caucasian,0,M,1,0
44,Male,African-American,10,M,4,1
24,Male,Hispanic,11,F,10,1
23,Male,African-American,0,F,3,0
36,Male,Caucasian,5,M,3,1
27,Male,Caucasian,1,F,9,0
24,Male,African-American,0,F,10,1
66,Male,Caucasian,0,M,1,0
36,Female,Caucasian,3,F,4,0
53,Male,Hispanic,9,F,8,1
23,Male,Caucasian,1,F,3,1
22,Female,African-American,0,M,7,1
25,Male,Hispanic,1,F,3,0
56,Male,African-American,4,F,1,0
51,Male,Asian,1,F,1,1
58,Female,African-American,3,M,1,0
24,Male,Caucasian,3,M,5,0
22,Male,African-American,0,F,3,1
39,Male,Caucasian,0,M,1,0
20,Male,Hispanic,3,F,10,1
46,Male,Caucasian,10,F,7,1
38,Male,Caucasian,1,F,1,1
23,Male,Caucasian,0,M,8,1
39,Male,Other,6,F,5,0
25,Male,African-American,0,F,8,0
31,Male,African-American,19,F,9,1
25,Female,African-American,1,M,3,1
26,Male,African-American,6,F,6,0
25,Male,African-American,2,F,9,0
37,Male,Caucasian,11,F,8,1
36,Male,African-American,0,F,1,0
26,Male,African-American,1,F,6,1
21,Male,Other,3,F,2,1
35,Male,African-American,7,F,4,1
22,Male,African-American,2,F,4,1
25,Male,Caucasian,0,F,2,0
36,Male,Hispanic,0,M,1,0
24,Male,African-American,2,M,7,1
21,Male,African-American,0,F,9,1
32,Male,Caucasian,15,F,9,1
33,Male,African-American,2,M,2,1
33,Male,African-American,10,F,9,1
29,Male,Caucasian,0,M,3,0
50,Male,Caucasian,8,F,3,0
33,Male,African-American,14,F,8,1
37,Male,African-American,13,F,8,1
27,Male,African-American,9,F,7,1
27,Male,African-American,0,M,1,0
21,Male,Hispanic,1,M,5,1
58,Male,African-American,1,F,1,0
27,Male,African-American,4,F,8,0
28,Male,Caucasian,1,F,7,1
31,Female,Caucasian,0,M,3,0
24,Male,African-American,3,M,7,0
26,Male,African-American,6,F,9,1
43,Male,Caucasian,0,M,1,0
22,Male,African-American,3,F,6,1
23,Male,African-American,0,F,5,0
42,Male,Caucasian,0,M,4,0
30,Male,African-American,18,M,10,0
29,Male,African-American,1,F,9,0
38,Male,Caucasian,2,F,4,1
26,Male,Caucasian,3,M,4,0
51,Male,African-American,5,M,7,0
36,Male,Other,0,M,1,0
62,Male,Hispanic,0,M,1,0
23,Male,African-American,0,F,3,1
34,Male,African-American,7,F,5,1
35,Male,African-American,1,M,2,0
22,Male,Caucasian,0,F,3,0
29,Male,African-American,10,M,10,1
40,Male,African-American,0,F,2,0
36,Male,African-American,2,F,2,0
26,Male,African-American,8,F,8,1
25,Male,African-American,1,F,3,1
69,Male,Caucasian,0,M,1,0
27,Male,African-American,1,F,4,0
20,Male,Caucasian,0,F,5,1
27,Male,African-American,1,F,1,0
24,Female,African-American,6,M,6,0
42,Male,Caucasian,0,F,1,0
25,Male,Caucasian,1,F,3,0
25,Male,African-American,0,F,4,0
22,Male,African-American,0,F,3,0
21,Male,Caucasian,0,F,4,0
30,Male,African-American,1,M,2,0
46,Male,Caucasian,9,M,5,0
26,Male,African-American,2,M,7,0
33,Male,African-American,0,F,5,1
40,Male,African-American,1,M,1,0
34,Male,Caucasian,0,F,4,0
22,Male,Caucasian,1,F,2,1
28,Male,Hispanic,3,M,5,0
31,Male,African-American,4,M,3,1
59,Male,Caucasian,3,M,1,1
37,Male,Native American,0,F,2,0
50,Male,African-American,0,F,1,0
57,Male,African-American,8,F,5,1
31,Male,African-American,5,M,5,0
44,Male,African-American,9,F,8,0
48,Male,African-American,5,F,9,1
25,Female,Caucasian,0,F,4,0
51,Male,African-American,5,M,3,0
50,Male,Caucasian,0,F,1,1
57,Male,Caucasian,2,F,1,0
55,Male,Caucasian,0,M,1,0
59,Male,African-American,4,F,3,1
42,Female,African-American,0,F,1,0
20,Male,Hispanic,2,F,8,1
21,Male,Other,0,F,4,0
32,Male,African-American,21,F,9,1
24,Female,Hispanic,0,M,4,0
42,Male,African-American,1,F,4,0
29,Male,African-American,8,F,8,1
21,Male,African-American,1,F,6,0
58,Male,Caucasian,0,M,1,0
22,Male,African-American,1,F,7,1
46,Male,Caucasian,1,M,1,1
50,Male,Caucasian,0,M,2,1
46,Male,African-American,2,F,9,0
44,Female,African-American,11,F,8,1
35,Male,African-American,4,M,5,0
30,Male,African-American,14,F,9,1
42,Male,African-American,2,F,5,0
46,Male,African-American,5,F,1,1
42,Male,African-American,0,F,10,1
29,Male,Caucasian,7,F,10,1
32,Male,African-American,8,F,4,0
31,Male,Other,5,F,6,0
33,Female,African-American,1,M,1,0
25,Male,Caucasian,4,F,4,0
33,Female,African-American,0,M,1,0
21,Male,Hispanic,1,F,5,0
35,Male,Caucasian,1,F,1,1
56,Male,African-American,1,F,1,0
38,Male,Caucasian,0,M,3,1
40,Female,African-American,4,M,1,0
28,Male,African-American,4,F,4,0
51,Male,African-American,0,M,1,0
35,Male,African-American,2,M,2,0
61,Male,African-American,5,F,2,0
25,Male,African-American,0,F,3,0
25,Male,African-American,4,F,7,1
26,Male,African-American,0,M,5,0
42,Male,Caucasian,1,M,1,0
25,Female,African-American,1,F,4,0
26,Male,African-American,13,M,10,1
31,Male,African-American,9,F,7,0
35,Male,Caucasian,1,F,2,0
34,Male,Caucasian,0,F,1,0
33,Female,Caucasian,1,M,2,0
30,Male,African-American,3,F,2,0
50,Female,African-American,7,M,4,0
21,Male,African-American,0,F,5,0
31,Male,Hispanic,16,F,10,1
31,Male,African-American,2,F,7,1
23,Female,African-American,0,M,4,0
25,Male,African-American,1,F,6,0
24,Female,Caucasian,1,F,5,0
31,Male,African-American,13,M,10,1
60,Male,African-American,0,F,1,0
30,Male,African-American,2,F,2,0
32,Female,Other,0,M,1,0
46,Male,Caucasian,0,M,1,0
21,Male,Caucasian,0,M,4,1
35,Male,African-American,0,F,8,0
34,Male,Hispanic,2,F,3,1
41,Male,Asian,2,F,8,1
23,Male,African-American,1,F,10,1
23,Male,African-American,3,F,6,1
28,Male,African-American,2,M,4,0
21,Male,Hispanic,0,F,4,1
46,Male,Caucasian,2,M,4,0
56,Male,African-American,1,F,2,0
40,Male,Hispanic,8,F,5,1
30,Male,Hispanic,5,F,3,1
24,Male,African-American,1,M,4,1
33,Female,Caucasian,0,M,1,0
48,Male,Caucasian,2,M,8,0
33,Male,African-American,11,F,6,1
25,Male,Hispanic,0,F,7,0
30,Male,African-American,7,F,5,1
37,Male,Hispanic,0,F,3,1
43,Female,Caucasian,7,F,8,0
32,Male,Caucasian,0,F,3,0
33,Male,Other,3,F,7,0
39,Male,Other,4,F,2,1
49,Male,Caucasian,4,F,1,0
24,Male,Caucasian,0,F,4,0
26,Male,African-American,1,F,9,0
42,Male,Caucasian,0,F,2,0
22,Male,African-American,1,F,6,1
36,Male,Hispanic,0,F,1,0
29,Male,Caucasian,7,M,7,1
39,Male,Caucasian,0,M,3,0
27,Male,African-American,13,F,6,1
38,Male,Caucasian,2,F,5,1
20,Male,Caucasian,0,F,2,1
25,Male,African-American,4,F,10,1
53,Male,Caucasian,0,M,1,0
27,Female,African-American,0,M,8,1
21,Male,Other,0,F,5,1
50,Male,Caucasian,1,M,1,1
41,Male,African-American,4,F,5,0
22,Male,Caucasian,5,F,8,1
22,Male,Caucasian,0,F,7,1
25,Male,African-American,2,F,5,0
42,Male,African-American,1,F,4,1
51,Male,Other,2,F,1,0
24,Male,African-American,0,F,3,0
37,Male,African-American,4,F,4,0
37,Male,Caucasian,0,M,1,0
27,Female,Other,0,M,2,0
21,Male,Other,0,F,6,0
35,Male,African-American,1,F,1,1
24,Female,Caucasian,0,F,8,0
49,Male,Caucasian,2,M,1,0
38,Male,African-American,9,F,6,0
61,Male,Other,0,M,1,0
30,Female,African-American,0,M,2,0
22,Male,African-American,3,F,6,0
25,Male,African-American,0,F,7,1
30,Female,Hispanic,3,M,3,1
52,Male,Caucasian,0,M,1,0
26,Male,Caucasian,0,F,2,0
26,Male,Other,0,M,4,0
45,Male,Caucasian,9,F,9,1
20,Male,African-American,0,F,9,1
29,Male,African-American,4,F,8,0
43,Male,Caucasian,1,F,6,1
26,Male,Caucasian,2,F,5,0
46,Female,African-American,4,F,4,0
46,Female,African-American,0,F,1,0
29,Male,African-American,12,F,10,1
41,Male,Caucasian,0,M,1,0
25,Female,African-American,5,F,7,0
23,Male,African-American,2,F,7,0
30,Male,Caucasian,0,M,3,0
34,Male,Caucasian,1,F,6,0
70,Male,Caucasian,11,F,1,1
52,Male,Caucasian,2,F,1,0
51,Male,African-American,4,M,2,0
45,Female,Native American,15,F,10,1
55,Male,African-American,21,F,6,1
49,Female,Caucasian,1,F,1,0
47,Female,Caucasian,0,F,1,0
27,Male,African-American,0,M,2,0
25,Male,Caucasian,5,M,7,1
21,Male,African-American,1,F,10,1
37,Male,African-American,26,F,10,1
21,Male,African-American,1,F,9,1
21,Male,African-American,0,F,6,0
25,Male,African-American,4,F,10,1
27,Female,African-American,3,F,5,1
30,Male,Caucasian,3,F,4,1
70,Male,Caucasian,0,M,1,0
37,Male,Caucasian,11,F,9,1
46,Male,African-American,5,F,5,1
40,Male,Other,4,M,1,1
43,Male,African-American,18,F,4,1
38,Male,African-American,15,F,6,0
29,Male,African-American,0,F,4,0
37,Male,African-American,8,M,2,1
38,Male,Hispanic,3,F,4,0
27,Female,Caucasian,0,F,3,0
20,Female,Other,0,M,5,1
44,Male,Hispanic,0,M,1,0
31,Male,Caucasian,6,M,5,0
29,Male,African-American,3,F,2,1
30,Female,African-American,0,M,2,0
25,Female,Caucasian,2,F,5,1
40,Male,African-American,3,F,2,0
33,Male,Caucasian,1,M,3,0
26,Male,Caucasian,5,F,5,1
31,Male,Hispanic,1,M,3,0
61,Male,Caucasian,1,M,1,0
30,Male,Caucasian,2,F,4,0
62,Male,Caucasian,0,M,1,0
27,Female,Caucasian,4,M,8,1
48,Male,Caucasian,9,F,6,0
40,Female,Caucasian,0,F,2,0
24,Male,Caucasian,0,F,4,0
22,Male,African-American,0,F,4,1
30,Male,African-American,4,M,8,1
63,Male,Caucasian,0,M,1,0
33,Male,African-American,4,F,10,0
43,Male,Caucasian,0,M,4,1
26,Male,African-American,3,F,10,1
51,Male,African-American,1,F,1,0
39,Male,Caucasian,3,F,1,1
30,Female,Hispanic,0,M,3,1
32,Male,African-American,14,F,8,1
22,Male,African-American,0,M,6,0
59,Male,Caucasian,0,F,1,0
38,Male,African-American,37,M,7,1
23,Male,African-American,2,F,6,0
42,Male,African-American,0,M,1,1
38,Male,African-American,2,F,7,1
34,Female,Caucasian,2,F,3,0
36,Female,African-American,7,F,3,1
36,Male,African-American,0,M,3,1
31,Male,African-American,1,F,1,0
28,Female,African-American,3,F,4,1
28,Male,African-American,1,F,2,1
43,Male,African-American,0,F,4,0
40,Male,African-American,1,F,1,0
31,Male,African-American,15,F,9,1
54,Male,African-American,6,F,7,1
24,Male,African-American,17,F,9,1
41,Male,Hispanic,0,F,1,1
21,Male,African-American,1,F,9,1
29,Female,Hispanic,1,F,2,1
22,Male,African-American,0,F,3,0
52,Male,Hispanic,9,F,7,1
40,Female,Other,0,F,1,0
45,Female,African-American,1,F,4,0
29,Male,African-American,1,M,2,1
46,Male,African-American,10,F,5,1
21,Male,Caucasian,1,F,8,0
35,Male,Caucasian,6,F,5,1
52,Male,African-American,1,M,1,1
48,Male,Caucasian,0,M,1,0
29,Female,African-American,9,M,8,1
48,Male,Caucasian,0,M,1,0
31,Male,African-American,10,F,6,1
21,Male,Caucasian,3,F,8,1
32,Male,Other,0,F,1,1
47,Male,African-American,0,M,5,0
21,Male,African-American,3,F,10,1
35,Male,African-American,13,F,10,0
46,Male,African-American,3,M,1,1
34,Male,African-American,5,F,4,1
52,Male,African-American,2,F,1,0
21,Male,Caucasian,0,M,8,1
53,Male,Caucasian,1,M,1,0
19,Female,Caucasian,0,F,3,1
22,Male,African-American,0,M,6,0
45,Male,African-American,1,F,3,0
27,Female,Caucasian,0,F,2,0
25,Male,Caucasian,0,M,2,0
30,Male,Caucasian,0,F,4,1
31,Male,African-American,2,F,5,1
28,Male,Caucasian,3,F,3,0
36,Male,African-American,3,M,2,1
27,Male,African-American,7,F,5,1
42,Male,African-American,1,F,2,0
35,Male,Caucasian,0,F,5,1
33,Female,Caucasian,2,F,2,0
24,Male,Hispanic,6,F,10,1
25,Male,African-American,21,F,10,1
42,Female,Caucasian,0,M,1,0
21,Male,African-American,0,F,6,1
28,Female,African-American,0,M,2,0
27,Male,African-American,25,F,10,1
21,Female,Caucasian,0,F,6,0
26,Male,Caucasian,0,M,6,1
36,Male,Caucasian,0,F,1,0
49,Male,Caucasian,0,F,7,1
44,Male,Caucasian,0,F,2,1
28,Male,Caucasian,1,M,3,0
35,Female,African-American,12,F,7,1
34,Male,African-American,3,F,1,0
45,Male,African-American,15,F,3,1
28,Male,African-American,9,F,3,1
25,Female,African-American,1,F,3,0
21,Male,African-American,1,M,8,0
48,Male,African-American,1,F,1,0
37,Male,Caucasian,1,M,2,0
24,Male,African-American,3,F,6,1
37,Male,Caucasian,1,M,1,1
39,Male,Caucasian,1,F,3,0
24,Male,Caucasian,1,F,5,1
49,Male,Other,2,F,1,0
23,Male,African-American,1,F,2,1
43,Male,Caucasian,5,F,5,0
28,Male,African-American,6,M,8,1
53,Male,African-American,1,M,2,0
27,Female,African-American,2,M,4,1
39,Male,Caucasian,0,M,1,0
47,Male,African-American,22,F,7,1
28,Male,African-American,4,F,2,1
36,Male,Caucasian,2,F,1,0
24,Female,African-American,1,F,9,0
35,Male,Hispanic,0,M,2,0
23,Male,African-American,3,F,7,0
26,Male,African-American,2,F,2,0
31,Male,African-American,7,F,4,1
30,Female,African-American,14,F,10,1
25,Male,Caucasian,2,M,6,0
24,Male,African-American,6,F,10,1
34,Male,Hispanic,1,F,1,1
26,Male,African-American,2,M,4,0
60,Male,Hispanic,0,F,1,0
20,Female,African-American,0,F,5,0
23,Male,Caucasian,0,F,3,0
26,Male,African-American,5,F,7,1
40,Male,Caucasian,4,M,1,0
28,Male,Other,1,F,3,1
49,Male,Hispanic,1,F,1,1
19,Male,African-American,1,F,10,1
53,Male,Caucasian,1,F,1,0
24,Female,African-American,0,F,3,0
31,Male,Hispanic,0,F,1,0
33,Female,Caucasian,2,F,3,0
26,Male,Caucasian,8,F,10,1
32,Male,Caucasian,2,F,2,0
25,Male,Caucasian,0,F,2,1
21,Male,African-American,1,F,2,0
38,Male,African-American,3,F,5,0
23,Male,Caucasian,0,F,2,0
20,Male,Caucasian,0,F,6,1
39,Female,Caucasian,4,F,1,1
24,Male,African-American,1,F,2,1
23,Male,Hispanic,0,F,2,0
49,Male,African-American,3,F,4,0
31,Male,African-American,7,F,7,1
20,Male,African-American,1,F,6,1
28,Male,Caucasian,0,M,3,0
67,Male,Caucasian,3,F,1,0
33,Male,Hispanic,0,F,1,0
52,Male,African-American,0,F,1,0
45,Male,African-American,17,F,7,1
27,Male,African-American,8,F,7,1
22,Male,Caucasian,1,F,9,0
40,Male,Caucasian,0,M,1,1
30,Male,Caucasian,1,M,8,1
42,Male,African-American,1,F,1,0
24,Male,African-American,2,F,3,1
46,Male,Caucasian,4,F,2,0
38,Male,African-American,4,F,3,0
32,Female,Hispanic,0,M,3,1
26,Male,Caucasian,0,M,5,0
54,Male,Caucasian,1,M,1,1
27,Male,Hispanic,2,F,3,0
61,Male,Caucasian,1,F,4,0
51,Male,African-American,1,M,4,1
57,Male,Caucasian,0,F,1,0
24,Male,Caucasian,3,M,5,1
34,Male,African-American,1,F,1,0
27,Male,Hispanic,1,F,2,0
28,Female,African-American,10,M,7,1
35,Male,African-American,10,M,8,1
30,Male,African-American,6,F,6,1
44,Male,African-American,0,F,1,0
61,Male,Caucasian,10,F,6,0
26,Male,African-American,1,F,9,1
48,Male,African-American,10,F,7,1
42,Male,African-American,4,M,1,0
38,Male,Caucasian,10,F,8,1
53,Female,Caucasian,0,M,1,0
26,Male,African-American,3,M,10,0
22,Male,African-American,1,F,7,1
50,Male,Caucasian,0,F,7,0
44,Male,Caucasian,16,M,7,0
24,Male,African-American,4,F,6,1
21,Male,African-American,0,F,7,1
50,Male,Caucasian,0,F,1,0
36,Female,Caucasian,0,M,1,0
39,Male,Caucasian,0,F,3,0
54,Female,African-American,7,F,6,0
29,Male,African-American,0,M,2,0
26,Male,Caucasian,0,M,6,0
41,Male,African-American,3,F,4,1
23,Male,African-American,1,F,6,1
34,Male,Caucasian,0,M,1,0
31,Male,Caucasian,11,F,7,1
20,Male,African-American,0,F,3,0
49,Male,African-American,10,F,6,1
26,Male,African-American,4,F,8,1
28,Male,African-American,1,F,4,1
26,Male,African-American,0,F,2,0
55,Male,African-American,1,F,4,0
22,Male,African-American,0,M,9,0
26,Female,African-American,0,M,4,0
56,Male,Other,0,M,1,0
46,Male,Other,2,F,3,0
58,Male,African-American,16,F,6,1
28,Male,African-American,4,F,7,0
33,Male,African-American,8,F,6,0
31,Female,African-American,0,M,2,0
26,Male,African-American,1,M,5,0
34,Male,Caucasian,0,M,1,0
33,Male,Other,0,F,1,0
32,Female,African-American,0,F,2,0
37,Male,African-American,9,F,6,1
50,Male,African-American,1,F,5,0
35,Male,Caucasian,1,F,2,0
47,Female,Caucasian,0,M,3,1
52,Female,African-American,8,F,9,0
26,Male,African-American,5,F,7,1
45,Male,African-American,13,F,1,1
19,Male,Other,0,M,9,1
41,Male,African-American,8,F,2,1
24,Male,African-American,0,M,2,0
21,Male,African-American,1,F,9,0
54,Male,Caucasian,0,M,1,0
49,Male,Caucasian,0,F,1,0
42,Male,Caucasian,1,F,2,0
21,Male,African-American,1,F,4,1
46,Male,Caucasian,5,F,8,1
74,Male,Caucasian,0,M,1,0
38,Female,Hispanic,0,F,1,0
39,Female,African-American,1,F,1,0
38,Female,African-American,0,F,1,0
19,Male,African-American,1,F,7,1
28,Male,Caucasian,0,F,2,1
25,Male,African-American,1,F,6,1
53,Male,Caucasian,1,M,1,0
23,Male,African-American,2,F,9,0
55,Male,Caucasian,33,F,9,1
64,Female,Caucasian,1,F,1,0
23,Male,African-American,1,M,7,1
23,Male,African-American,4,F,8,1
41,Female,Hispanic,0,F,1,0
53,Male,Other,0,M,1,0
34,Male,African-American,0,F,1,0
24,Male,Hispanic,0,F,1,1
26,Male,African-American,1,M,1,0
44,Male,Caucasian,4,F,2,0
27,Female,Caucasian,0,F,2,0
28,Male,Caucasian,14,F,9,0
55,Male,Caucasian,1,M,1,0
36,Male,African-American,15,F,5,0
23,Male,African-American,1,F,4,0
56,Male,African-American,1,M,1,0
27,Male,Caucasian,2,F,6,1
37,Male,Caucasian,1,M,6,0
32,Male,African-American,1,F,8,1
41,Male,African-American,18,M,10,1
22,Male,African-American,1,F,6,1
37,Male,Caucasian,1,F,2,1
45,Male,African-American,3,M,2,0
31,Female,African-American,14,F,8,0
42,Male,African-American,7,F,5,1
26,Male,African-American,20,F,9,1
33,Male,Caucasian,0,F,9,1
22,Male,Caucasian,0,M,2,1
36,Female,African-American,1,M,1,0
54,Male,Caucasian,0,M,1,0
25,Male,African-American,5,F,9,1
24,Male,Caucasian,3,F,5,1
23,Male,Hispanic,0,M,7,0
61,Male,Caucasian,0,M,1,0
42,Female,Caucasian,0,M,1,0
28,Male,Caucasian,1,M,2,1
27,Male,African-American,1,M,5,0
24,Male,Caucasian,2,M,3,0
32,Male,African-American,16,F,10,1
38,Male,Caucasian,0,F,1,0
21,Male,Caucasian,1,M,3,0
27,Male,African-American,1,F,7,1
39,Male,Caucasian,0,F,4,0
29,Male,Caucasian,0,F,1,0
29,Male,Caucasian,1,F,3,0
36,Male,Caucasian,1,F,4,1
46,Male,African-American,0,F,7,1
44,Male,African-American,7,F,6,0
27,Male,African-American,0,M,2,0
27,Male,African-American,8,F,7,1
61,Male,Caucasian,0,M,1,0
47,Male,African-American,0,M,1,1
27,Male,African-American,1,M,1,0
28,Male,Caucasian,0,F,2,1
31,Female,Caucasian,1,M,5,1
26,Male,Caucasian,9,M,4,1
53,Male,African-American,2,F,2,1
26,Male,African-American,1,F,5,1
25,Male,African-American,2,F,4,0
23,Male,Other,5,M,10,1
21,Female,African-American,4,M,8,1
23,Male,African-American,1,M,4,0
30,Male,Other,3,M,1,0
45,Female,African-American,2,F,3,0
27,Male,African-American,2,M,5,1
26,Female,African-American,0,M,2,0
21,Male,Caucasian,0,F,8,1
62,Female,Caucasian,0,M,1,0
48,Male,Caucasian,0,F,3,0
53,Male,African-American,1,M,1,0
62,Male,African-American,3,M,3,1
28,Male,African-American,5,F,10,0
56,Male,Caucasian,1,F,2,0
35,Male,Hispanic,2,F,1,0
56,Female,Hispanic,2,M,1,1
22,Male,African-American,2,F,7,1
26,Male,African-American,5,F,8,1
35,Male,African-American,4,M,5,0
22,Male,African-American,1,F,3,1
37,Female,African-American,7,F,3,0
32,Female,African-American,0,F,2,0
33,Female,African-American,3,F,6,1
38,Male,Other,2,F,3,1
53,Male,Caucasian,0,M,1,0
32,Male,Caucasian,0,M,1,0
26,Male,Caucasian,0,M,2,0
61,Male,Caucasian,0,M,1,0
21,Male,African-American,0,M,10,0
69,Male,African-American,22,M,5,0
26,Male,African-American,0,M,4,0
30,Male,African-American,9,F,10,1
21,Male,Caucasian,1,F,4,0
41,Male,Caucasian,0,M,2,0
45,Male,African-American,0,F,6,1
31,Male,African-American,10,F,5,1
22,Male,Caucasian,0,F,3,0
54,Female,Caucasian,0,F,3,1
50,Male,Caucasian,2,M,1,1
37,Male,Other,11,F,3,0
21,Female,African-American,0,F,8,1
23,Male,Hispanic,6,M,7,1
30,Male,Caucasian,0,F,3,1
30,Male,African-American,11,F,8,1
26,Male,Caucasian,5,M,4,0
59,Female,African-American,0,M,2,0
29,Male,African-American,13,F,8,1
67,Male,Hispanic,0,F,1,0
30,Male,Caucasian,13,F,8,1
25,Male,African-American,5,M,5,1
45,Male,Hispanic,8,F,6,0
22,Male,African-American,0,F,3,0
41,Male,African-American,8,F,1,1
46,Male,Asian,3,F,5,1
27,Male,Other,0,M,5,0
37,Female,African-American,13,F,6,0
22,Male,African-American,0,F,3,1
19,Male,African-American,0,F,4,1
45,Male,Caucasian,2,M,2,0
33,Female,African-American,5,F,9,1
52,Male,African-American,7,F,5,0
21,Female,African-American,0,F,6,0
43,Male,African-American,6,M,10,1
33,Male,Caucasian,3,F,6,0
26,Male,African-American,3,F,10,1
37,Male,Caucasian,0,M,3,0
38,Male,African-American,1,F,1,1
35,Male,Hispanic,1,M,1,1
27,Male,African-American,1,F,2,1
40,Male,Other,1,F,1,0
21,Male,African-American,1,F,5,0
38,Male,Caucasian,3,F,9,1
37,Male,Caucasian,0,M,4,0
44,Male,Caucasian,0,F,1,0
30,Male,African-American,0,F,2,0
40,Male,Hispanic,0,F,1,0
49,Male,Caucasian,1,F,1,0
67,Male,Caucasian,0,M,1,0
59,Male,African-American,14,F,8,1
21,Male,African-American,1,F,10,1
31,Male,Caucasian,6,M,7,0
50,Female,Caucasian,2,F,1,1
30,Male,African-American,7,F,3,0
28,Male,Caucasian,1,M,2,0
48,Male,African-American,7,F,7,1
55,Male,Caucasian,0,M,1,0
42,Male,Caucasian,0,M,3,0
34,Male,African-American,0,M,7,1
43,Male,African-American,4,M,5,1
44,Male,African-American,0,F,1,0
29,Male,Hispanic,17,F,6,1
25,Male,Caucasian,2,F,5,1
32,Female,African-American,0,M,3,1
96,Male,Hispanic,2,F,2,1
29,Male,Hispanic,0,M,2,0
27,Male,Hispanic,8,F,5,1
31,Male,Hispanic,0,M,5,0
24,Male,African-American,1,F,3,1
34,Male,African-American,0,F,7,1
48,Male,African-American,2,F,1,1
41,Male,African-American,1,F,1,0
26,Male,African-American,12,M,9,1
42,Male,African-American,0,F,5,1
29,Male,African-American,0,M,5,0
26,Male,Caucasian,0,M,2,0
27,Female,African-American,1,F,3,0
35,Male,Caucasian,4,M,2,0
54,Male,Caucasian,1,F,1,0
20,Male,African-American,0,F,6,0
27,Male,Caucasian,0,F,6,0
21,Male,African-American,1,F,7,0
27,Male,Caucasian,7,M,9,1
34,Male,African-American,11,F,8,1
54,Male,African-American,0,M,1,0
29,Male,Other,2,F,2,1
39,Male,African-American,1,F,1,0
33,Female,Caucasian,0,M,1,0
40,Female,Hispanic,7,F,2,1
35,Female,African-American,0,M,4,0
28,Male,Hispanic,0,M,2,1
53,Male,African-American,0,M,1,0
28,Male,Caucasian,2,M,4,0
26,Male,African-American,0,F,8,0
31,Male,African-American,3,F,5,0
24,Male,Caucasian,3,M,8,1
45,Male,Caucasian,19,F,6,1
33,Male,Hispanic,1,M,4,0
28,Male,African-American,1,F,7,0
45,Female,Caucasian,1,F,3,1
33,Male,Caucasian,3,F,8,1
23,Male,Caucasian,4,F,6,1
36,Male,African-American,6,F,5,0
22,Male,African-American,0,F,3,0
28,Male,African-American,2,F,5,1
37,Male,African-American,3,M,2,0
52,Female,Caucasian,0,M,1,0
26,Male,Caucasian,0,F,2,0
28,Male,Caucasian,4,F,4,1
33,Female,Caucasian,2,F,4,0
23,Male,Caucasian,3,F,4,1
31,Male,Caucasian,3,M,4,1
55,Female,Caucasian,0,M,1,0
24,Male,Caucasian,3,F,4,1
37,Male,African-American,2,M,1,0
41,Male,African-American,0,F,1,0
26,Male,Caucasian,0,M,2,0
41,Male,African-American,13,F,5,0
33,Male,African-American,6,F,6,0
47,Male,Hispanic,0,M,1,1
23,Male,African-American,0,F,5,0
27,Male,Caucasian,1,F,3,0
24,Male,Caucasian,0,F,5,1
30,Male,African-American,10,F,9,0
55,Male,Caucasian,1,F,3,0
26,Male,African-American,13,M,10,1
35,Male,African-American,0,F,3,0
20,Male,African-American,1,M,4,0
24,Male,Caucasian,3,M,8,1
31,Male,African-American,8,M,10,1
55,Male,African-American,0,F,1,1
33,Male,Caucasian,7,F,9,1
44,Male,Caucasian,6,F,6,1
41,Male,African-American,25,F,9,1
56,Male,African-American,9,M,8,0
21,Male,African-American,1,F,3,0
48,Female,Caucasian,1,M,1,0
56,Male,Caucasian,7,F,6,1
39,Male,Caucasian,2,M,1,0
31,Male,Hispanic,0,F,2,0
25,Female,Caucasian,0,F,6,0
28,Female,African-American,3,F,5,0
30,Male,African-American,0,F,2,1
19,Female,African-American,0,M,8,1
20,Male,African-American,0,M,4,1
57,Male,Caucasian,0,F,1,0
51,Male,African-American,8,M,6,1
27,Male,African-American,5,F,3,1
26,Male,African-American,0,F,5,0
23,Male,Caucasian,3,M,8,1
35,Male,African-American,14,M,8,1
37,Male,African-American,5,F,6,0
48,Male,African-American,0,F,1,0
21,Male,African-American,0,F,9,0
52,Male,African-American,1,M,1,0
22,Male,African-American,0,F,4,1
41,Male,Caucasian,1,F,2,1
25,Female,Caucasian,1,M,5,1
54,Male,African-American,0,M,1,1
25,Male,African-American,13,F,10,1
40,Female,Caucasian,4,F,4,0
22,Male,African-American,0,F,7,0
50,Male,Caucasian,10,F,4,0
35,Male,Caucasian,2,M,3,0
28,Male,Caucasian,7,F,9,1
21,Male,African-American,0,F,7,0
27,Male,Caucasian,0,F,3,0
22,Male,African-American,0,F,3,1
38,Female,Hispanic,20,F,9,1
32,Male,Caucasian,0,F,5,0
59,Male,Caucasian,0,F,1,0
20,Male,Other,0,M,6,1
59,Male,Caucasian,0,F,1,0
44,Female,Caucasian,1,F,1,1
26,Male,African-American,9,M,10,1
30,Male,African-American,9,F,6,1
25,Male,African-American,3,M,8,1
44,Male,Hispanic,0,M,1,0
31,Female,African-American,0,M,6,1
32,Female,African-American,0,F,3,0
37,Male,African-American,22,F,9,1
22,Male,Caucasian,2,F,4,0
38,Male,African-American,8,M,6,1
34,Male,Caucasian,2,F,4,0
30,Male,African-American,7,F,3,0
38,Female,Caucasian,0,F,4,1
36,Male,African-American,10,F,10,1
46,Male,Other,0,F,1,0
35,Male,Caucasian,2,F,5,1
35,Male,African-American,0,F,1,0
20,Male,Other,1,F,6,1
30,Female,African-American,9,F,9,1
34,Male,African-American,16,F,9,1
31,Male,Caucasian,3,F,4,1
32,Male,Hispanic,0,M,1,1
31,Male,Caucasian,4,F,8,1
22,Male,Caucasian,2,F,8,1
31,Male,Hispanic,0,F,10,0
36,Male,African-American,5,M,5,1
39,Male,African-American,2,M,1,0
51,Male,African-American,9,F,9,1
35,Male,African-American,7,F,2,1
35,Male,Hispanic,0,F,3,0
23,Male,Hispanic,0,F,2,1
37,Male,African-American,0,M,3,0
25,Male,African-American,3,M,6,0
27,Female,African-American,0,F,3,0
47,Male,Caucasian,2,M,1,0
46,Male,African-American,12,M,6,0
27,Male,Caucasian,0,F,5,0
34,Male,African-American,0,F,9,1
25,Male,Caucasian,0,M,2,0
26,Male,African-American,5,M,5,0
25,Male,African-American,1,F,4,1
60,Male,African-American,9,F,8,0
49,Male,Other,0,M,1,1
30,Male,African-American,12,F,9,1
21,Male,African-American,0,F,4,0
25,Male,African-American,4,F,8,1
21,Male,African-American,0,F,4,1
29,Male,Hispanic,1,M,9,0
29,Male,African-American,4,M,4,0
21,Male,Hispanic,0,M,3,0
53,Male,Other,4,M,1,1
51,Male,Caucasian,2,F,1,0
29,Male,African-American,1,M,1,0
24,Female,Other,0,F,5,0
24,Male,Other,2,F,10,1
37,Male,Hispanic,5,F,2,0
20,Male,Caucasian,0,F,9,1
53,Male,Caucasian,1,F,1,0
25,Male,African-American,5,F,8,0
38,Male,Hispanic,0,M,1,0
22,Male,African-American,3,F,10,1
21,Male,African-American,1,F,8,0
21,Male,Caucasian,1,F,5,1
27,Male,African-American,6,M,8,1
28,Male,African-American,14,M,7,1
49,Male,African-American,6,M,4,1
52,Male,African-American,7,F,9,1
25,Male,African-American,1,M,6,0
56,Male,Caucasian,2,F,4,0
34,Male,African-American,22,F,9,0
35,Male,Hispanic,7,F,7,0
23,Male,African-American,1,M,3,1
22,Male,Caucasian,0,F,5,0
23,Male,African-American,0,F,8,1
30,Male,African-American,4,M,10,0
42,Male,African-American,1,M,6,1
50,Male,African-American,24,M,8,1
37,Male,Other,4,M,1,1
37,Male,African-American,0,F,9,0
23,Male,African-American,1,F,4,0
41,Male,Caucasian,0,F,1,0
50,Male,African-American,5,F,2,0
41,Male,Hispanic,19,F,10,1
26,Male,African-American,2,F,2,1
40,Male,Other,8,F,7,1
23,Male,African-American,2,F,8,1
55,Male,Caucasian,1,F,2,1
24,Male,African-American,0,F,6,1
33,Male,Caucasian,5,M,1,1
23,Male,Caucasian,0,F,2,0
37,Male,African-American,1,M,7,1
64,Female,Other,0,F,1,0
51,Male,Caucasian,0,M,1,0
40,Male,Other,4,F,1,1
35,Female,African-American,3,M,6,1
22,Male,Hispanic,1,F,4,1
29,Male,African-American,2,F,9,0
57,Male,Caucasian,0,M,1,0
20,Male,African-American,1,M,5,1
23,Female,Other,0,M,5,0
23,Male,African-American,3,F,8,1
36,Male,Caucasian,9,M,4,1
55,Male,Caucasian,1,M,1,0
53,Male,African-American,18,M,7,1
21,Male,African-American,1,F,9,1
27,Male,African-American,3,M,3,1
28,Male,African-American,6,F,9,1
26,Male,Caucasian,1,F,3,1
25,Male,Caucasian,1,F,6,0
66,Male,Caucasian,0,F,1,0
28,Male,African-American,3,M,2,0
24,Male,African-American,0,M,5,0
60,Male,Caucasian,18,M,2,1
37,Male,African-American,2,F,4,1
73,Male,Caucasian,0,M,1,0
44,Male,African-American,0,F,2,0
42,Male,Hispanic,0,M,1,0
40,Male,African-American,6,F,7,0
21,Male,Hispanic,0,F,10,0
56,Male,Caucasian,0,M,1,1
42,Male,African-American,3,F,1,0
50,Male,Caucasian,1,F,3,0
34,Male,Caucasian,0,M,2,0
47,Male,African-American,1,M,1,1
58,Male,Caucasian,3,F,2,0
48,Male,Caucasian,3,F,4,0
20,Female,Caucasian,0,F,3,0
53,Female,African-American,10,F,2,1
29,Male,African-American,0,F,9,0
38,Male,Other,1,M,1,0
43,Female,Caucasian,0,M,2,0
25,Male,Hispanic,2,M,3,1
53,Male,Caucasian,1,M,1,1
22,Male,Caucasian,0,M,7,0
32,Female,Hispanic,1,M,2,0
26,Male,Caucasian,9,M,7,1
48,Female,Other,0,F,1,0
23,Male,African-American,4,F,10,1
71,Male,Caucasian,1,M,1,0
61,Female,Caucasian,0,M,1,0
22,Female,Caucasian,2,M,5,0
54,Female,Caucasian,1,M,2,0
24,Male,Caucasian,6,F,9,0
28,Female,Caucasian,0,F,5,0
25,Female,Caucasian,2,F,10,0
22,Female,African-American,1,F,5,0
24,Male,African-American,2,F,3,1
35,Male,African-American,0,F,4,0
21,Male,African-American,0,F,3,0
49,Male,Caucasian,1,M,1,0
26,Male,African-American,6,F,9,1
30,Male,African-American,7,F,9,1
30,Male,African-American,5,F,4,1
64,Male,Caucasian,8,F,1,0
45,Female,Caucasian,7,F,2,1
37,Male,African-American,3,M,2,0
34,Female,African-American,1,F,7,1
60,Male,Hispanic,4,F,1,0
58,Male,Caucasian,0,M,1,0
27,Male,Caucasian,0,F,1,0
30,Male,African-American,0,M,1,1
25,Male,African-American,0,M,2,0
60,Male,African-American,19,F,8,1
56,Male,African-American,24,F,8,0
33,Male,African-American,2,M,1,0
25,Male,Caucasian,9,F,9,1
32,Male,African-American,6,F,7,1
24,Male,African-American,3,F,3,1
23,Male,Caucasian,2,F,8,1
23,Male,Hispanic,3,F,6,1
25,Male,African-American,1,F,4,1
20,Female,African-American,0,F,4,0
32,Male,African-American,9,F,9,0
49,Female,African-American,0,F,1,0
22,Male,African-American,1,F,3,0
24,Male,African-American,0,F,3,0
26,Male,Caucasian,10,F,7,1
29,Male,African-American,1,M,2,1
22,Male,Caucasian,0,F,6,0
26,Female,African-American,3,F,5,0
21,Male,African-American,0,F,7,1
54,Male,Caucasian,2,M,1,0
59,Male,African-American,1,F,1,0
22,Male,African-American,0,F,8,1
24,Male,Other,1,F,4,1
64,Male,African-American,20,F,7,0
45,Male,Caucasian,1,M,1,1
22,Female,African-American,0,F,4,0
24,Male,African-American,5,F,3,1
30,Female,African-American,3,F,6,1
27,Female,Caucasian,0,F,5,0
20,Male,Caucasian,0,F,4,0
29,Male,Hispanic,0,F,5,1
28,Male,Caucasian,5,F,5,1
37,Male,Other,0,M,1,0
25,Male,Other,2,F,2,0
23,Male,Caucasian,3,F,6,1
32,Female,African-American,0,M,2,0
44,Female,Caucasian,1,F,1,0
41,Male,African-American,8,F,4,0
30,Male,Caucasian,3,F,2,0
27,Male,African-American,2,M,5,1
32,Male,African-American,0,F,1,1
40,Male,African-American,24,M,8,1
34,Male,Hispanic,2,M,3,0
33,Female,African-American,3,M,4,0
33,Male,Caucasian,0,F,1,0
37,Male,Hispanic,1,M,1,0
28,Male,African-American,9,M,5,0
25,Female,African-American,0,F,5,1
30,Female,African-American,1,M,4,0
47,Female,African-American,0,M,2,0
24,Male,Caucasian,0,F,2,1
31,Male,Caucasian,9,F,8,1
52,Male,African-American,0,F,4,1
25,Male,African-American,5,F,10,1
46,Female,African-American,7,M,8,0
62,Male,Caucasian,3,M,1,0
36,Male,Caucasian,0,M,7,1
24,Male,African-American,2,F,3,1
37,Male,Hispanic,3,M,2,1
25,Male,Caucasian,9,F,9,0
21,Male,African-American,0,M,10,1
38,Male,Asian,0,M,1,0
29,Male,African-American,5,F,7,1
52,Male,African-American,0,M,1,1
29,Male,African-American,5,F,10,0
59,Male,African-American,13,F,2,1
39,Male,African-American,2,F,3,0
48,Male,Hispanic,1,M,1,0
31,Male,Other,3,M,1,1
20,Male,African-American,1,F,10,1
50,Male,Caucasian,0,M,1,0
27,Male,African-American,7,F,9,1
27,Male,African-American,0,M,1,0
31,Male,Caucasian,4,F,7,1
24,Female,African-American,2,M,6,0
24,Male,African-American,4,F,9,1
30,Male,Caucasian,0,M,2,1
41,Male,Caucasian,0,F,2,0
38,Male,Other,1,F,3,0
32,Male,African-American,2,F,8,1
69,Male,Caucasian,0,M,1,1
25,Male,Caucasian,1,F,9,0
55,Male,Caucasian,0,M,1,1
28,Male,African-American,7,F,10,1
27,Male,Caucasian,0,M,4,1
20,Female,African-American,1,F,6,1
36,Male,African-American,2,F,1,1
39,Female,Hispanic,10,F,4,1
25,Male,African-American,10,F,10,1
35,Female,Caucasian,1,M,4,0
32,Male,African-American,12,M,10,1
69,Male,Other,0,M,1,0
21,Male,Caucasian,1,M,6,0
41,Male,Caucasian,1,F,1,0
21,Male,Hispanic,0,F,5,0
38,Male,African-American,0,F,8,0
21,Male,African-American,1,F,9,1
35,Male,Caucasian,2,M,2,1
34,Male,African-American,5,M,6,0
52,Male,Caucasian,0,M,1,0
21,Male,African-American,0,F,8,0
43,Male,African-American,8,M,2,0
32,Female,Caucasian,0,F,2,0
49,Male,Caucasian,5,F,6,1
21,Female,African-American,0,M,4,0
28,Male,African-American,5,F,5,1
65,Female,Caucasian,1,F,1,0
27,Female,Caucasian,0,M,3,0
48,Male,Caucasian,20,F,8,1
20,Male,African-American,0,M,3,1
49,Male,Other,7,F,6,1
42,Male,Other,6,M,3,0
63,Male,African-American,6,F,3,0
40,Male,Caucasian,0,M,2,0
34,Male,Hispanic,0,F,2,0
21,Male,African-American,1,F,10,1
27,Male,Caucasian,1,M,2,0
29,Male,Hispanic,0,M,1,0
35,Male,Caucasian,0,M,10,1
50,Female,African-American,0,M,1,0
47,Male,Caucasian,0,M,1,0
44,Male,Caucasian,2,M,4,0
56,Male,Hispanic,0,F,1,0
23,Male,African-American,0,M,3,0
54,Male,African-American,10,F,6,0
38,Male,Caucasian,17,F,10,0
25,Male,Hispanic,0,F,2,1
44,Male,Caucasian,2,F,3,1
52,Male,African-American,3,M,3,1
52,Female,Caucasian,0,F,2,1
21,Male,African-American,0,M,9,1
30,Female,Caucasian,9,F,4,1
56,Male,African-American,6,F,2,0
35,Male,African-American,12,F,8,1
39,Male,Caucasian,1,F,1,0
29,Male,Caucasian,0,M,1,0
23,Male,African-American,2,F,5,1
26,Male,Caucasian,0,M,5,0
64,Female,African-American,1,M,1,1
58,Female,Other,0,F,1,0
20,Male,Caucasian,1,F,2,1
21,Male,African-American,0,F,5,1
21,Male,African-American,0,F,5,0
23,Male,African-American,0,F,7,0
46,Male,African-American,3,F,4,0
25,Male,African-American,21,F,9,1
35,Male,Hispanic,5,F,7,0
30,Female,African-American,0,M,3,0
47,Male,Caucasian,1,F,1,0
30,Male,Caucasian,4,F,4,0
47,Male,African-American,1,F,1,0
39,Male,African-American,1,F,2,1
30,Male,Hispanic,2,M,2,1
24,Male,Caucasian,1,F,3,0
45,Male,Caucasian,3,F,1,0
26,Male,Caucasian,2,F,9,1
39,Male,Caucasian,3,F,2,0
40,Male,Caucasian,1,F,3,0
24,Male,African-American,0,F,10,0
23,Male,African-American,1,F,7,0
61,Male,Caucasian,0,M,1,0
42,Male,Caucasian,3,F,5,1
38,Male,African-American,3,F,2,1
67,Male,Caucasian,0,F,1,1
23,Male,Caucasian,2,F,6,0
31,Male,Caucasian,1,F,4,1
40,Male,African-American,15,F,8,0
44,Male,African-American,0,F,2,0
37,Male,African-American,10,F,7,1
22,Female,African-American,3,M,9,0
31,Male,Caucasian,6,M,3,1
28,Male,African-American,9,F,7,1
24,Male,Other,5,M,6,0
33,Male,Caucasian,9,F,4,0
30,Female,African-American,10,F,10,1
31,Male,Other,5,F,1,0
35,Male,African-American,0,F,7,1
57,Male,African-American,23,F,8,1
39,Female,Caucasian,8,F,7,1
65,Male,Caucasian,3,F,2,0
22,Female,Caucasian,0,M,9,0
35,Female,African-American,2,F,6,0
29,Male,African-American,2,M,3,1
62,Male,African-American,13,F,8,1
22,Male,African-American,0,M,3,1
31,Male,Hispanic,8,F,3,1
56,Female,African-American,1,F,1,0
25,Male,Caucasian,2,F,6,0
33,Male,Caucasian,10,M,4,0
25,Male,Caucasian,2,F,5,0
27,Female,African-American,3,F,5,0
37,Male,African-American,1,F,10,0
41,Male,Caucasian,2,M,1,0
35,Male,African-American,5,F,8,0
25,Male,Hispanic,1,M,7,1
55,Male,Caucasian,0,M,1,0
26,Male,African-American,2,F,2,1
35,Male,African-American,7,F,3,0
50,Male,Caucasian,3,M,4,1
25,Male,African-American,3,F,6,1
65,Female,Caucasian,1,M,1,1
31,Female,African-American,0,F,5,1
24,Female,African-American,0,M,2,0
34,Male,African-American,6,F,8,1
24,Male,Other,3,M,8,1
30,Female,African-American,4,F,6,0
35,Female,Hispanic,0,M,2,0
30,Male,African-American,14,F,6,1
24,Male,Caucasian,1,M,2,0
51,Male,Caucasian,3,F,3,1
28,Female,African-American,3,F,3,0
27,Female,African-American,4,F,6,1
22,Male,Caucasian,2,F,3,1
29,Male,African-American,2,F,4,1
31,Male,African-American,0,F,6,0
31,Male,Caucasian,0,M,1,0
32,Female,African-American,3,F,2,0
27,Male,African-American,1,F,2,1
29,Male,Caucasian,6,F,5,1
59,Male,African-American,3,F,3,0
24,Male,African-American,1,M,2,1
33,Male,African-American,0,F,10,0
35,Female,Other,0,M,1,0
28,Male,Caucasian,9,F,8,1
40,Female,Other,0,F,1,0
45,Male,Other,0,M,3,0
24,Male,African-American,9,M,9,1
31,Male,African-American,16,F,9,1
25,Male,Hispanic,0,M,2,0
24,Male,African-American,0,F,9,0
23,Male,Hispanic,6,M,8,0
23,Male,African-American,7,F,8,1
48,Male,Hispanic,0,M,1,0
62,Male,Caucasian,0,F,1,0
25,Female,African-American,4,F,7,1
25,Male,Other,1,F,3,0
49,Male,African-American,1,M,7,0
50,Male,Caucasian,0,F,1,1
47,Male,African-American,3,F,8,1
37,Male,African-American,14,F,8,0
26,Male,Caucasian,0,M,2,0
28,Male,African-American,21,F,10,0
26,Female,African-American,3,F,2,1
48,Male,Other,4,F,2,0
20,Male,African-American,1,F,8,1
34,Male,African-American,9,F,10,1
26,Male,Hispanic,1,M,1,0
46,Male,African-American,9,F,9,1
21,Male,African-American,0,F,8,1
27,Female,Caucasian,2,F,5,1
21,Male,African-American,3,M,8,1
29,Male,Caucasian,1,F,4,0
46,Male,Caucasian,4,F,4,0
24,Male,African-American,0,F,4,0
51,Female,Hispanic,2,M,1,0
57,Male,African-American,8,M,4,1
33,Male,African-American,4,F,2,1
23,Male,African-American,4,F,9,1
29,Male,African-American,5,F,8,0
22,Male,Caucasian,0,M,4,1
56,Male,Hispanic,10,M,2,1
33,Female,Caucasian,1,M,6,1
27,Male,Other,0,F,4,1
40,Male,African-American,3,F,8,1
48,Male,Other,0,M,1,0
32,Male,African-American,10,F,6,1
24,Male,African-American,1,M,4,0
32,Male,African-American,1,F,2,0
19,Male,African-American,2,F,7,1
23,Male,African-American,6,F,9,1
39,Male,Caucasian,17,F,7,1
25,Male,African-American,1,F,3,0
42,Male,African-American,6,F,8,1
29,Male,Caucasian,1,M,3,0
38,Male,Caucasian,2,M,1,0
32,Male,Caucasian,10,F,5,1
23,Male,Caucasian,4,M,5,1
58,Male,African-American,10,F,3,1
42,Male,African-American,9,F,6,1
52,Male,Hispanic,3,F,4,0
26,Male,Caucasian,1,F,4,1
27,Male,Caucasian,1,F,1,0
33,Male,Caucasian,1,F,2,0
33,Male,African-American,2,F,8,1
23,Male,African-American,0,M,2,1
25,Male,African-American,4,F,8,1
32,Male,African-American,0,F,2,1
34,Male,Hispanic,14,F,9,1
29,Female,Caucasian,0,M,2,0
38,Male,African-American,19,F,9,1
29,Male,Caucasian,0,M,1,0
27,Male,African-American,6,F,8,1
25,Male,Caucasian,0,M,2,1
31,Female,Caucasian,2,F,5,1
30,Male,African-American,8,F,9,1
41,Male,African-American,0,F,7,0
59,Male,African-American,8,F,4,0
21,Male,Caucasian,1,M,4,1
27,Male,African-American,6,F,4,1
30,Male,African-American,0,F,1,0
43,Male,Caucasian,4,F,5,0
24,Female,Caucasian,2,F,9,0
45,Male,African-American,13,M,7,1
23,Male,Caucasian,0,F,9,1
40,Female,Caucasian,5,F,10,0
23,Female,African-American,0,F,7,0
39,Male,African-American,3,F,2,0
26,Female,African-American,5,F,5,1
26,Female,Caucasian,0,M,2,0
21,Male,African-American,0,M,4,0
30,Male,Caucasian,3,F,3,0
44,Male,Caucasian,0,F,4,0
21,Male,African-American,1,F,7,1
23,Male,African-American,0,M,4,0
49,Female,African-American,1,F,1,0
23,Male,African-American,3,F,10,1
24,Male,African-American,1,F,5,1
21,Female,African-American,1,F,4,1
37,Female,Caucasian,7,F,6,1
28,Male,Caucasian,2,F,2,1
23,Male,Other,7,F,6,1
24,Female,African-American,2,F,6,1
31,Male,Caucasian,0,F,7,0
24,Male,African-American,2,M,10,1
25,Male,African-American,1,F,2,0
33,Male,African-American,1,M,1,1
26,Male,African-American,24,M,10,1
27,Male,African-American,1,F,7,0
46,Male,Caucasian,0,F,1,0
38,Female,Caucasian,1,M,6,1
24,Female,African-American,0,M,5,0
38,Female,African-American,0,M,4,0
27,Male,African-American,7,F,9,1
48,Male,African-American,6,F,3,0
31,Female,Caucasian,2,F,4,1
28,Male,African-American,5,M,5,1
30,Male,Hispanic,7,F,9,0
25,Male,Caucasian,6,M,5,1
55,Male,Caucasian,0,M,1,0
40,Male,African-American,5,F,7,1
21,Male,African-American,0,F,4,1
28,Male,African-American,10,F,7,1
20,Male,African-American,2,F,9,1
31,Male,African-American,10,F,9,1
57,Female,African-American,0,M,1,0
25,Male,African-American,0,M,2,0
22,Male,African-American,7,F,8,1
31,Male,African-American,3,F,3,1
43,Male,African-American,7,F,4,0
25,Female,Caucasian,0,M,4,0
39,Male,Hispanic,1,M,2,0
40,Male,African-American,1,F,1,0
20,Male,African-American,0,F,5,1
35,Male,African-American,2,M,7,0
34,Male,African-American,1,M,1,1
27,Male,Caucasian,18,F,9,1
38,Female,African-American,3,F,1,1
21,Male,Caucasian,0,F,7,1
25,Male,African-American,0,M,1,1
53,Male,African-American,6,M,6,1
50,Female,African-American,4,F,3,0
23,Female,Caucasian,1,M,6,0
22,Male,Other,0,F,5,1
27,Male,Caucasian,0,M,3,1
29,Male,African-American,5,F,8,1
38,Male,African-American,1,M,1,0
54,Female,Caucasian,2,F,2,0
26,Male,African-American,1,F,10,1
37,Male,African-American,23,F,8,1
36,Male,African-American,25,M,10,1
28,Male,African-American,18,F,10,1
49,Male,African-American,1,M,1,0
36,Male,African-American,11,F,7,0
41,Female,Caucasian,0,F,3,0
26,Male,Hispanic,9,F,7,1
40,Male,Caucasian,9,F,9,0
21,Male,African-American,7,F,10,1
22,Male,Other,0,F,2,1
33,Male,Caucasian,0,F,1,0
26,Male,African-American,7,F,7,0
27,Female,African-American,0,M,3,1
35,Male,African-American,1,F,2,0
27,Male,African-American,3,M,2,0
37,Male,Hispanic,3,M,1,1
31,Female,African-American,3,F,5,0
36,Male,African-American,26,F,8,1
32,Female,Other,0,M,2,0
50,Male,Caucasian,1,F,1,0
52,Male,Caucasian,1,F,1,0
24,Male,African-American,1,M,4,0
38,Male,African-American,0,F,4,0
54,Male,African-American,11,F,8,0
71,Male,Caucasian,13,F,2,0
27,Male,African-American,9,F,7,1
39,Female,Caucasian,1,F,4,0
34,Male,Other,1,M,2,1
23,Male,Other,0,M,8,1
36,Female,African-American,5,F,6,1
55,Male,African-American,0,F,1,0
27,Male,Caucasian,0,F,4,0
23,Male,African-American,2,F,4,1
20,Male,African-American,1,F,7,1
31,Female,African-American,10,F,8,0
24,Male,Caucasian,8,F,9,0
37,Female,Caucasian,2,F,8,1
26,Male,Caucasian,0,F,3,0
29,Male,Caucasian,0,F,2,0
41,Male,African-American,4,M,1,1
37,Male,African-American,0,F,1,1
46,Male,Caucasian,2,F,3,0
56,Female,Caucasian,10,F,5,1
23,Male,African-American,0,F,3,1
23,Female,African-American,1,F,5,1
25,Male,African-American,0,F,8,1
24,Male,African-American,1,F,7,1
26,Male,Hispanic,1,M,2,1
24,Male,Caucasian,2,F,7,1
23,Male,African-American,0,F,9,1
43,Male,Caucasian,2,F,1,0
53,Female,Caucasian,0,M,1,0
24,Male,African-American,1,F,6,1
28,Male,African-American,0,F,4,0
21,Male,Caucasian,1,F,3,0
31,Male,Other,0,M,2,0
33,Male,Caucasian,3,F,7,1
35,Female,African-American,1,F,1,0
55,Male,Caucasian,3,M,3,0
50,Male,Hispanic,9,M,5,1
28,Male,African-American,0,M,3,0
44,Male,Caucasian,0,M,1,1
19,Male,African-American,3,F,10,1
23,Male,Other,2,M,7,0
24,Male,African-American,3,F,8,1
50,Male,Caucasian,2,F,3,0
31,Male,African-American,0,M,4,0
28,Female,Caucasian,0,F,4,1
42,Male,Caucasian,0,F,1,0
21,Male,African-American,0,M,9,1
21,Male,Caucasian,0,F,8,1
24,Male,Other,0,M,4,1
31,Male,Caucasian,3,F,5,1
23,Male,Hispanic,0,M,3,0
27,Male,Caucasian,0,F,9,1
32,Male,Other,0,M,2,0
28,Male,African-American,7,F,5,1
67,Male,Caucasian,0,M,1,0
32,Female,African-American,11,F,7,0
44,Male,African-American,7,F,4,0
25,Male,African-American,1,F,4,1
30,Female,African-American,15,M,8,1
28,Male,Caucasian,9,M,4,0
27,Male,African-American,0,F,6,1
36,Male,Other,8,M,2,0
25,Female,Caucasian,0,M,4,0
31,Male,Caucasian,5,F,5,1
30,Male,Caucasian,0,M,1,1
33,Male,African-American,4,F,2,0
38,Male,Hispanic,0,M,1,0
26,Male,African-American,1,M,3,1
52,Male,Hispanic,5,F,3,1
22,Female,Caucasian,2,M,7,1
50,Male,Caucasian,0,F,1,0
58,Male,Caucasian,1,F,1,1
34,Male,Caucasian,3,M,4,1
32,Male,Caucasian,1,F,1,1
29,Male,African-American,0,M,1,1
27,Male,African-American,0,M,1,0
39,Male,Caucasian,5,F,3,0
24,Male,African-American,0,F,3,0
38,Male,African-American,8,M,7,0
52,Male,Caucasian,7,F,2,0
56,Male,African-American,3,M,2,1
46,Male,Caucasian,7,F,6,1
38,Male,Caucasian,5,F,1,1
47,Male,Caucasian,3,M,5,0
32,Male,Caucasian,0,F,1,0
34,Male,African-American,27,M,7,0
42,Male,African-American,5,F,6,0
35,Female,African-American,0,M,1,1
20,Male,Caucasian,0,F,10,1
32,Female,Caucasian,2,F,10,1
21,Male,Caucasian,0,M,5,0
24,Male,African-American,0,M,2,1
24,Male,African-American,1,M,9,1
26,Male,African-American,0,M,3,1
52,Male,Caucasian,8,F,2,0
27,Male,African-American,1,M,2,0
27,Female,Caucasian,0,M,5,0
56,Male,Caucasian,0,F,1,0
52,Male,Caucasian,16,F,9,1
37,Male,African-American,3,F,1,1
45,Male,African-American,0,M,1,0
36,Female,Caucasian,3,F,6,1
29,Female,African-American,0,F,2,0
21,Male,Hispanic,0,F,3,0
20,Male,Other,3,M,2,1
27,Male,African-American,11,F,8,0
28,Male,African-American,11,F,8,1
38,Male,African-American,4,M,1,0
30,Male,Other,0,F,1,0
19,Female,African-American,1,F,9,1
37,Female,Caucasian,1,F,1,0
34,Male,African-American,0,M,1,1
37,Male,Caucasian,7,F,8,1
21,Male,African-American,1,F,8,0
21,Male,African-American,0,F,9,1
38,Female,Caucasian,3,F,4,0
47,Male,African-American,1,M,4,0
56,Male,Caucasian,3,F,2,0
27,Male,African-American,2,F,7,1
23,Male,African-American,0,M,8,0
57,Male,Caucasian,0,F,1,0
25,Male,African-American,9,F,7,0
23,Female,African-American,2,F,10,1
32,Male,African-American,8,F,10,1
36,Female,African-American,2,M,5,0
41,Male,African-American,5,M,5,0
39,Female,Other,0,F,1,0
21,Male,African-American,1,F,6,1
31,Male,African-American,2,M,4,0
37,Male,Caucasian,0,M,1,0
27,Male,African-American,0,F,2,0
22,Male,African-American,2,F,4,1
59,Male,Caucasian,2,F,1,0
33,Female,African-American,0,F,9,1
43,Female,African-American,2,F,3,0
25,Male,Caucasian,5,F,4,1
23,Male,African-American,3,F,5,1
43,Female,Caucasian,3,M,2,1
56,Male,Caucasian,9,M,1,1
20,Female,African-American,1,F,8,1
50,Male,African-American,2,M,5,1
54,Female,Caucasian,1,M,2,0
20,Male,African-American,1,F,10,1
36,Male,Other,3,M,4,1
36,Female,African-American,3,F,6,1
56,Male,African-American,0,M,4,0
25,Male,African-American,2,F,9,0
42,Female,Caucasian,1,F,3,1
48,Male,African-American,4,F,6,0
34,Male,African-American,21,M,10,1
28,Male,Caucasian,0,F,2,0
32,Male,Caucasian,1,F,3,0
31,Female,Caucasian,2,F,1,0
24,Female,African-American,4,F,9,1
25,Female,Caucasian,0,F,4,1
32,Female,Caucasian,4,F,2,0
37,Male,African-American,20,F,9,1
24,Male,African-American,1,F,3,1
48,Male,African-American,0,M,1,0
35,Male,African-American,1,F,2,0
21,Male,African-American,1,F,4,1
21,Female,African-American,0,F,10,1
27,Female,Caucasian,0,F,2,1
22,Male,African-American,0,F,2,0
28,Male,African-American,4,F,5,0
26,Male,African-American,0,M,2,0
23,Male,Other,0,M,2,1
34,Male,Caucasian,0,F,2,0
22,Male,African-American,3,F,9,0
30,Male,Other,5,F,5,1
44,Male,Caucasian,5,F,2,0
57,Male,Caucasian,1,F,2,0
22,Male,African-American,0,F,8,1
24,Male,African-American,7,F,8,1
20,Male,Caucasian,0,F,4,0
53,Male,Hispanic,1,M,1,1
60,Male,African-American,13,F,3,0
22,Female,African-American,2,F,5,0
43,Male,Hispanic,0,M,1,0
72,Male,Caucasian,7,F,4,0
33,Male,African-American,3,F,5,1
24,Male,African-American,1,F,4,1
60,Male,African-American,0,F,1,0
24,Male,Caucasian,3,F,5,1
30,Male,African-American,1,M,4,0
43,Female,Caucasian,0,M,6,0
48,Male,Hispanic,1,M,1,0
54,Male,Other,0,M,1,0
45,Male,African-American,1,M,1,0
36,Male,Other,0,F,4,0
31,Male,Caucasian,1,M,1,0
40,Male,African-American,0,M,1,0
50,Male,Caucasian,1,F,1,0
26,Female,Other,1,M,6,0
41,Male,African-American,7,F,4,0
34,Male,Caucasian,5,F,6,1
28,Female,Caucasian,0,F,6,0
23,Male,Caucasian,2,F,9,1
37,Female,Hispanic,0,M,1,1
35,Male,Hispanic,5,M,2,0
21,Male,Caucasian,1,F,6,1
22,Female,African-American,2,M,8,1
29,Male,African-American,6,F,8,1
30,Female,African-American,0,M,2,0
45,Male,Caucasian,3,M,3,1
24,Female,African-American,2,F,4,0
31,Male,Caucasian,4,F,8,1
56,Male,Caucasian,0,M,1,0
24,Male,African-American,14,F,10,1
38,Male,African-American,11,F,6,0
51,Male,African-American,22,F,9,1
22,Male,Caucasian,0,F,3,0
28,Male,African-American,5,M,8,0
47,Male,African-American,19,F,8,1
51,Male,African-American,0,M,4,1
25,Male,Caucasian,1,M,3,0
53,Male,Hispanic,1,F,1,0
30,Male,African-American,0,F,1,0
33,Male,Caucasian,0,F,6,1
35,Male,African-American,5,F,4,1
33,Female,African-American,0,F,2,0
59,Male,Other,1,M,1,0
33,Female,Caucasian,1,F,7,0
27,Male,African-American,2,F,7,1
29,Female,African-American,9,F,7,1
24,Male,African-American,3,F,10,1
43,Male,African-American,5,F,9,0
37,Male,African-American,11,M,7,1
53,Male,African-American,13,F,7,0
26,Male,African-American,4,F,8,1
30,Female,Caucasian,1,M,3,0
27,Male,African-American,6,F,7,1
39,Male,Caucasian,9,F,5,1
37,Male,Caucasian,4,M,4,1
22,Male,Caucasian,3,M,10,1
25,Male,Caucasian,0,F,6,0
26,Male,Hispanic,1,F,5,0
28,Female,Caucasian,0,M,6,0
25,Male,African-American,0,M,5,1
58,Male,Caucasian,1,F,1,0
29,Female,Caucasian,1,M,5,1
33,Male,African-American,8,F,5,0
38,Male,African-American,0,F,1,0
38,Male,Caucasian,2,F,3,0
59,Male,African-American,22,F,6,1
29,Male,Other,4,M,5,1
53,Male,Caucasian,0,M,2,1
33,Male,African-American,2,F,8,1
58,Male,Caucasian,1,M,1,0
53,Male,Caucasian,2,F,4,0
32,Male,Caucasian,0,M,6,1
35,Male,African-American,6,F,8,1
39,Male,Caucasian,1,F,1,0
36,Male,Hispanic,1,M,9,0
42,Female,Caucasian,5,M,4,1
37,Male,African-American,0,M,2,0
39,Male,Caucasian,0,F,1,0
52,Female,Caucasian,3,M,1,0
60,Male,Other,1,M,1,0
37,Male,Hispanic,2,M,1,0
42,Male,Caucasian,4,F,1,1
23,Male,African-American,6,F,6,1
42,Female,African-American,0,M,1,1
28,Male,African-American,5,F,4,0
38,Male,Caucasian,12,F,5,0
43,Female,African-American,2,F,2,1
42,Male,African-American,0,F,5,0
25,Female,Caucasian,0,M,3,0
32,Male,African-American,7,F,9,1
21,Male,African-American,0,F,6,1
35,Female,Caucasian,1,M,5,0
37,Male,Caucasian,0,F,5,0
33,Female,African-American,2,F,2,0
51,Female,Caucasian,4,F,3,0
39,Male,Caucasian,3,F,4,0
35,Male,Hispanic,5,M,6,1
40,Male,African-American,3,F,7,0
32,Male,African-American,17,F,8,1
32,Male,Caucasian,3,F,6,1
37,Male,Other,0,M,1,0
32,Male,African-American,10,F,6,1
47,Male,Caucasian,5,M,3,1
23,Female,Caucasian,0,M,7,0
63,Male,Caucasian,10,F,4,1
38,Male,African-American,16,F,9,1
32,Male,African-American,6,M,5,1
31,Male,African-American,4,F,8,1
23,Male,African-American,0,F,3,0
38,Male,Hispanic,1,M,5,0
47,Female,Caucasian,0,M,1,0
33,Male,Caucasian,1,F,8,1
22,Male,Caucasian,1,F,4,0
40,Male,Caucasian,0,M,1,1
36,Male,African-American,14,F,7,1
65,Female,Caucasian,0,M,1,0
22,Female,African-American,0,M,3,0
34,Male,Hispanic,0,M,1,0
38,Female,Hispanic,0,F,1,0
26,Female,Caucasian,4,F,3,1
20,Male,Hispanic,0,M,4,1
49,Male,Hispanic,0,F,1,0
52,Male,Caucasian,2,F,9,1
25,Male,Other,2,M,2,1
34,Male,African-American,5,F,1,0
33,Male,African-American,1,M,1,1
21,Male,African-American,1,F,7,0
46,Male,African-American,9,F,4,0
57,Male,Caucasian,1,M,4,0
22,Male,African-American,2,F,3,1
48,Female,Caucasian,1,M,1,1
40,Male,African-American,21,F,5,0
30,Female,African-American,1,F,2,0
21,Male,Caucasian,4,M,7,1
39,Female,African-American,22,F,10,1
33,Female,Caucasian,0,M,6,1
24,Male,African-American,0,F,3,0
43,Male,African-American,0,F,1,1
45,Female,Caucasian,0,M,1,0
51,Male,African-American,3,F,3,0
31,Male,African-American,9,M,7,1
27,Male,Caucasian,0,M,2,0
32,Male,African-American,1,F,2,0
49,Male,Caucasian,0,M,1,0
29,Male,African-American,2,F,3,0
23,Male,African-American,2,F,6,1
30,Male,Asian,6,M,3,0
30,Male,Caucasian,0,M,4,0
34,Male,African-American,13,F,4,1
33,Male,African-American,4,F,6,0
28,Male,African-American,1,M,2,0
29,Male,African-American,1,F,8,0
38,Male,Caucasian,0,M,1,0
37,Male,Caucasian,0,F,3,0
33,Female,Caucasian,0,M,1,1
30,Male,Hispanic,0,F,2,0
51,Male,African-American,19,F,9,0
65,Male,African-American,7,M,5,0
32,Female,African-American,1,M,1,0
38,Male,Caucasian,5,F,7,1
35,Male,African-American,1,F,4,0
57,Male,Caucasian,1,F,1,0
26,Male,Caucasian,1,F,3,0
36,Female,African-American,4,M,6,1
33,Female,Hispanic,2,F,4,1
35,Male,Caucasian,3,F,5,1
33,Male,African-American,0,F,1,0
47,Male,Caucasian,0,M,1,0
53,Female,Hispanic,0,M,1,0
35,Male,Caucasian,1,M,4,1
36,Female,African-American,1,F,3,1
25,Female,Caucasian,0,M,3,0
52,Male,Hispanic,10,F,6,0
51,Male,Caucasian,6,F,3,1
24,Male,African-American,8,F,8,1
32,Male,Caucasian,0,F,2,1
43,Male,African-American,8,F,7,1
45,Male,African-American,20,M,7,0
42,Male,African-American,10,M,5,1
22,Male,African-American,1,F,7,1
49,Male,African-American,4,F,4,0
42,Male,African-American,0,F,1,1
40,Male,Caucasian,0,M,8,1
25,Male,African-American,2,F,7,1
25,Male,Caucasian,0,M,5,1
23,Male,African-American,0,F,5,0
21,Male,Caucasian,2,F,7,1
31,Male,Caucasian,3,M,5,0
28,Female,African-American,0,M,2,0
24,Male,African-American,11,F,9,1
45,Male,Caucasian,0,F,1,0
23,Male,African-American,2,M,4,1
39,Male,African-American,7,F,8,1
24,Male,African-American,1,F,2,0
46,Male,Caucasian,1,F,1,0
47,Male,Caucasian,3,F,1,0
22,Male,African-American,1,M,4,1
34,Female,Caucasian,0,M,2,0
33,Male,Caucasian,0,M,1,1
29,Male,African-American,16,F,10,1
34,Male,Hispanic,3,M,2,0
29,Male,African-American,0,M,6,0
25,Female,Caucasian,2,M,3,1
34,Male,Caucasian,16,F,6,1
55,Female,African-American,1,F,1,0
27,Male,African-American,0,F,4,1
26,Male,African-American,0,M,3,0
39,Male,African-American,19,F,9,1
24,Male,African-American,1,F,7,0
29,Male,Caucasian,0,M,2,0
50,Male,African-American,13,F,1,1
25,Male,Hispanic,2,F,5,1
31,Male,African-American,4,F,5,1
31,Male,Other,0,M,2,0
26,Male,Caucasian,2,F,6,0
54,Male,Caucasian,2,F,2,0
33,Male,African-American,14,F,8,1
22,Male,African-American,0,M,4,1
35,Male,African-American,8,F,9,0
30,Female,Other,4,F,7,1
25,Male,African-American,0,F,2,0
25,Male,African-American,0,F,5,0
44,Male,African-American,0,F,2,1
29,Female,Caucasian,2,F,7,1
46,Male,Caucasian,2,F,3,1
53,Male,Caucasian,0,M,1,0
24,Male,African-American,2,F,7,1
52,Female,African-American,2,F,1,1
27,Male,African-American,0,M,2,1
41,Male,Caucasian,0,F,1,0
21,Female,African-American,0,F,5,1
24,Male,Caucasian,1,F,4,0
23,Male,Caucasian,0,M,2,0
42,Male,African-American,0,F,1,0
24,Male,African-American,5,F,8,1
26,Male,African-American,4,F,8,1
50,Male,Caucasian,9,F,3,1
32,Female,African-American,3,M,6,0
40,Male,African-American,13,F,9,0
27,Male,African-American,2,F,3,0
23,Male,Caucasian,0,F,9,1
37,Male,African-American,22,M,9,1
32,Male,African-American,1,M,4,1
52,Male,Caucasian,4,M,3,1
29,Male,Caucasian,2,F,2,0
49,Male,African-American,0,M,1,0
50,Male,Caucasian,0,F,1,0
26,Male,Caucasian,2,F,2,1
34,Female,Caucasian,0,F,8,1
28,Female,Caucasian,1,F,7,0
30,Male,African-American,0,F,3,1
24,Male,African-American,3,F,4,1
25,Male,African-American,0,M,2,1
25,Male,African-American,4,M,3,1
45,Male,Caucasian,2,F,1,0
26,Male,Caucasian,1,F,7,1
37,Male,Other,2,F,1,0
24,Male,Hispanic,0,M,2,0
40,Male,Caucasian,2,M,1,0
33,Female,Hispanic,0,F,2,0
53,Male,Hispanic,18,F,2,0
55,Male,Hispanic,0,M,1,0
30,Male,Other,6,F,9,1
21,Male,African-American,1,F,7,1
55,Male,Caucasian,0,M,1,0
22,Male,Caucasian,1,F,3,1
23,Female,African-American,1,F,3,0
57,Male,Caucasian,9,F,4,1
33,Male,Caucasian,0,M,3,1
32,Male,Caucasian,2,F,1,0
47,Male,Caucasian,3,F,2,0
51,Male,Caucasian,6,M,1,1
22,Male,African-American,1,F,6,0
47,Male,Caucasian,2,F,1,0
28,Male,Caucasian,1,F,1,1
28,Male,African-American,5,F,8,0
44,Female,Caucasian,1,M,1,1
25,Male,African-American,0,F,4,1
34,Male,African-American,4,M,2,0
65,Male,Caucasian,0,M,1,0
33,Male,Caucasian,5,F,6,1
23,Female,Caucasian,0,M,3,0
44,Female,Caucasian,0,M,1,0
24,Male,African-American,1,M,3,0
51,Male,Caucasian,1,M,2,0
21,Female,African-American,0,F,8,1
39,Male,Caucasian,6,F,6,0
29,Male,African-American,29,F,8,1
24,Male,Caucasian,1,F,6,0
23,Female,African-American,0,F,5,1
31,Male,African-American,11,F,10,1
35,Female,African-American,0,M,2,0
30,Male,Other,0,F,1,0
39,Female,African-American,4,F,6,0
51,Male,Caucasian,0,M,1,0
22,Male,Caucasian,1,F,7,0
29,Male,Caucasian,2,F,2,0
32,Male,Caucasian,6,F,2,1
33,Male,Caucasian,3,M,4,1
58,Male,Caucasian,5,F,3,1
54,Male,Other,0,F,1,0
33,Male,African-American,2,F,9,1
48,Male,African-American,10,F,4,0
23,Male,African-American,0,M,8,0
23,Male,Caucasian,2,F,7,1
47,Male,Asian,1,M,1,0
21,Male,Other,0,F,4,0
29,Male,African-American,0,M,9,1
48,Male,Caucasian,2,F,1,0
37,Male,Caucasian,4,M,4,1
50,Male,Caucasian,3,F,3,0
19,Male,African-American,3,F,8,1
49,Male,African-American,13,F,3,0
58,Male,Caucasian,2,F,5,0
31,Male,African-American,6,F,8,0
23,Male,African-American,1,M,7,0
23,Female,African-American,0,F,3,1
31,Male,Caucasian,17,F,8,1
33,Male,Other,0,F,1,1
57,Male,Caucasian,6,F,2,0
31,Female,Caucasian,0,M,2,0
57,Male,African-American,19,F,6,0
57,Male,Caucasian,12,M,5,0
29,Male,African-American,6,M,7,1
30,Male,African-American,0,M,1,1
45,Male,African-American,11,F,3,0
42,Male,Caucasian,0,F,5,0
48,Male,Other,7,F,2,0
29,Male,African-American,12,F,8,1
28,Female,Caucasian,0,F,2,0
25,Male,African-American,1,M,2,1
34,Female,Caucasian,3,M,5,0
27,Male,African-American,0,F,2,0
39,Male,African-American,4,F,4,0
27,Male,African-American,4,F,5,1
30,Male,Caucasian,7,F,10,1
31,Male,African-American,15,M,10,1
20,Male,African-American,1,M,9,1
26,Male,Caucasian,2,F,9,1
34,Male,Caucasian,0,F,1,1
27,Male,Caucasian,0,M,2,0
29,Male,African-American,4,F,2,0
27,Male,African-American,7,F,6,0
24,Female,Caucasian,0,F,8,0
29,Male,African-American,0,F,5,1
20,Male,Caucasian,0,F,3,0
23,Female,Caucasian,0,F,3,0
48,Female,African-American,0,M,1,0
34,Male,African-American,0,M,1,1
46,Male,African-American,1,M,6,1
41,Female,Caucasian,3,F,5,0
26,Male,African-American,3,F,6,1
37,Male,African-American,11,F,8,1
22,Female,Caucasian,2,F,3,0
32,Male,African-American,7,F,1,0
44,Male,African-American,0,M,1,0
60,Male,African-American,3,M,1,0
49,Male,Caucasian,0,F,1,0
30,Male,African-American,10,M,4,1
52,Male,Caucasian,0,F,1,0
34,Male,African-American,0,F,10,0
55,Male,African-American,5,F,4,1
33,Male,African-American,0,M,7,0
22,Male,African-American,0,F,6,1
27,Female,African-American,0,M,2,0
20,Male,African-American,0,F,5,1
33,Male,Caucasian,0,F,2,0
26,Male,African-American,0,M,2,0
29,Male,African-American,0,M,5,0
32,Male,African-American,1,M,3,0
37,Male,Caucasian,4,M,1,0
31,Male,African-American,15,F,10,0
29,Male,African-American,6,F,8,1
31,Male,African-American,6,F,4,0
36,Female,Caucasian,2,F,3,0
37,Female,African-American,1,F,1,0
34,Male,Caucasian,5,M,2,1
20,Male,Caucasian,1,M,5,1
24,Male,Caucasian,8,F,9,1
29,Male,African-American,8,M,9,1
45,Female,African-American,1,F,1,0
34,Male,Caucasian,2,F,7,1
70,Male,African-American,0,M,1,0
23,Male,African-American,4,F,9,0
27,Male,Caucasian,5,M,4,0
44,Male,Caucasian,6,F,6,1
26,Male,African-American,0,M,5,0
23,Female,Caucasian,2,M,6,0
27,Male,African-American,3,F,9,1
46,Female,Caucasian,1,F,2,0
27,Female,African-American,1,F,5,0
45,Male,Caucasian,7,F,2,0
42,Male,African-American,1,M,5,0
24,Female,Caucasian,3,M,5,1
20,Male,African-American,2,F,8,1
49,Male,Caucasian,3,F,4,0
29,Male,Hispanic,0,F,2,0
52,Female,Caucasian,1,F,1,0
37,Male,Hispanic,4,M,1,1
26,Male,African-American,1,M,3,0
53,Male,African-American,15,F,1,1
47,Male,Hispanic,1,F,1,0
38,Male,African-American,0,M,8,1
25,Male,African-American,1,F,6,0
21,Male,African-American,1,F,10,1
48,Male,African-American,0,M,1,0
24,Female,Other,0,F,3,0
22,Male,African-American,0,F,4,1
38,Male,Caucasian,2,M,2,0
23,Male,Other,0,F,3,1
54,Male,Other,2,M,1,0
24,Male,Hispanic,1,F,4,0
44,Female,Caucasian,0,M,1,1
64,Male,Caucasian,0,M,1,0
38,Male,Caucasian,5,M,5,1
45,Female,Other,0,M,1,0
49,Male,African-American,1,F,5,0
33,Male,Asian,0,M,1,0
44,Male,Hispanic,2,F,2,0
51,Male,African-American,3,F,1,0
50,Male,African-American,0,F,1,0
33,Male,Caucasian,2,M,2,0
54,Female,Caucasian,0,M,1,0
28,Male,Hispanic,3,F,5,1
42,Male,African-American,17,M,7,1
34,Male,Caucasian,3,F,1,0
38,Male,Caucasian,2,F,3,1
21,Male,African-American,1,F,9,1
33,Male,African-American,5,F,4,0
32,Male,African-American,9,M,7,1
45,Male,Caucasian,1,M,1,0
30,Male,Caucasian,1,F,8,1
29,Female,African-American,0,F,10,0
51,Female,Caucasian,0,M,1,1
28,Female,African-American,0,F,3,0
27,Male,Caucasian,1,F,3,0
28,Male,Hispanic,16,F,10,1
30,Female,African-American,0,F,2,0
32,Male,African-American,0,M,7,0
27,Male,Caucasian,5,F,4,0
21,Male,Hispanic,1,F,5,1
21,Male,African-American,0,F,5,0
34,Female,Caucasian,0,F,3,1
24,Male,African-American,7,F,9,1
32,Male,Caucasian,0,M,1,0
38,Female,Caucasian,5,F,6,1
56,Male,African-American,3,M,1,0
44,Female,African-American,0,M,1,0
31,Male,African-American,1,M,5,1
25,Female,Caucasian,6,F,7,0
20,Female,African-American,0,M,5,0
35,Male,African-American,1,M,5,0
33,Male,African-American,1,F,4,1
24,Male,African-American,0,M,3,0
40,Female,Hispanic,2,M,2,0
27,Male,African-American,9,F,9,1
38,Male,African-American,9,F,5,1
20,Male,Caucasian,0,F,6,1
30,Male,African-American,9,F,3,1
36,Male,Caucasian,9,F,6,1
23,Male,African-American,2,M,9,1
39,Male,African-American,21,F,10,1
29,Male,Caucasian,3,F,6,1
58,Male,Caucasian,2,M,1,1
23,Male,Hispanic,2,F,7,0
23,Male,Caucasian,3,M,8,1
68,Female,African-American,5,F,2,0
26,Female,Caucasian,2,M,5,0
51,Male,African-American,0,F,4,1
25,Male,African-American,0,M,2,0
40,Male,African-American,5,F,9,1
51,Male,African-American,14,F,5,0
27,Male,African-American,2,M,5,1
49,Male,African-American,11,M,5,1
36,Male,Other,0,M,1,0
20,Male,African-American,0,F,3,0
21,Male,African-American,2,F,10,1
31,Female,African-American,0,F,2,0
57,Male,African-American,0,M,1,0
61,Female,Caucasian,8,F,3,1
35,Male,Hispanic,3,F,1,1
54,Male,African-American,3,F,6,1
39,Male,Caucasian,0,F,3,0
24,Male,African-American,1,F,7,0
29,Female,Hispanic,0,F,4,1
48,Male,African-American,8,F,9,1
30,Male,African-American,6,M,7,1
26,Male,African-American,10,F,10,1
37,Male,African-American,12,F,9,1
26,Male,African-American,4,F,6,1
29,Male,African-American,7,M,10,1
26,Male,African-American,1,M,6,1
60,Male,African-American,2,F,1,0
27,Male,Caucasian,2,F,7,1
22,Male,Caucasian,1,F,6,0
28,Male,African-American,3,F,7,0
33,Male,African-American,13,F,6,1
28,Male,African-American,2,F,2,0
55,Male,Caucasian,0,M,1,1
21,Male,African-American,6,F,8,1
28,Male,Hispanic,2,F,3,1
22,Female,Hispanic,0,M,2,0
29,Female,Caucasian,6,F,7,1
24,Male,African-American,2,M,8,1
50,Male,African-American,12,F,1,1
24,Male,African-American,1,M,6,1
47,Male,African-American,1,F,2,0
54,Male,Caucasian,6,F,1,0
42,Female,Caucasian,0,M,2,0
35,Male,Caucasian,5,F,3,0
30,Male,African-American,0,F,4,1
53,Male,Caucasian,1,F,1,0
31,Female,African-American,2,M,3,0
31,Male,African-American,0,F,2,1
23,Male,Other,4,F,10,0
47,Male,African-American,9,F,4,0
24,Male,African-American,9,M,9,1
22,Female,African-American,2,F,9,0
45,Male,Hispanic,1,M,1,0
30,Female,African-American,2,F,2,0
30,Male,Other,5,M,8,1
43,Female,Caucasian,22,M,10,1
50,Male,African-American,0,M,1,0
24,Female,Other,2,F,4,1
42,Female,Caucasian,3,F,5,0
29,Female,Caucasian,1,F,7,1
31,Male,Hispanic,0,M,1,0
25,Male,African-American,5,F,9,1
36,Male,African-American,4,F,5,0
24,Male,African-American,1,M,5,1
28,Male,Caucasian,5,F,5,0
31,Male,Caucasian,0,M,1,1
23,Male,African-American,0,F,4,0
29,Male,Caucasian,4,M,6,1
51,Male,African-American,11,M,5,1
34,Male,African-American,1,F,5,0
29,Male,African-American,12,F,2,1
39,Male,African-American,13,F,10,1
36,Female,Hispanic,0,M,2,0
59,Male,African-American,15,M,6,1
23,Male,African-American,3,F,8,1
31,Male,African-American,15,F,8,0
53,Male,Caucasian,0,M,1,0
34,Male,African-American,12,F,7,0
63,Female,African-American,1,F,1,0
21,Male,Other,0,F,4,1
21,Female,African-American,0,F,7,1
47,Male,Caucasian,28,F,9,1
34,Male,African-American,7,F,5,1
58,Male,Caucasian,4,F,5,1
40,Female,Hispanic,4,F,3,1
36,Male,African-American,16,F,8,1
23,Female,African-American,0,M,4,0
34,Male,African-American,5,F,2,1
56,Male,Caucasian,13,F,2,0
52,Female,Caucasian,0,F,1,0
56,Male,African-American,0,F,2,0
37,Female,African-American,0,M,1,0
50,Female,Caucasian,0,M,1,0
25,Male,African-American,1,F,2,1
22,Male,African-American,0,F,5,1
43,Female,Caucasian,0,M,1,1
30,Male,Caucasian,1,M,2,0
29,Male,Asian,0,F,1,0
24,Male,Caucasian,0,F,2,0
29,Male,African-American,7,M,8,1
24,Female,Caucasian,0,F,4,0
74,Female,African-American,0,F,1,0
27,Male,African-American,8,M,7,1
37,Male,Hispanic,1,F,2,1
29,Male,Caucasian,5,F,2,0
35,Female,African-American,5,F,3,0
29,Male,African-American,1,M,6,1
36,Male,Caucasian,1,F,2,0
26,Male,Caucasian,2,F,4,0
26,Female,African-American,1,F,5,0
39,Female,Caucasian,11,F,6,1
22,Male,African-American,3,F,4,1
28,Male,Caucasian,0,F,3,0
51,Male,Caucasian,1,F,1,1
35,Female,Hispanic,0,M,2,0
23,Female,African-American,0,M,2,0
29,Male,African-American,6,F,6,1
20,Male,Other,0,F,3,1
24,Male,African-American,1,M,9,1
23,Female,Hispanic,2,M,4,0
33,Female,African-American,5,F,7,0
21,Male,Caucasian,1,F,3,1
59,Male,Caucasian,3,M,1,0
26,Male,Caucasian,4,F,4,1
38,Male,Other,2,F,1,0
28,Male,Hispanic,2,F,8,0
23,Male,Hispanic,2,F,5,1
21,Male,African-American,1,F,5,1
52,Male,African-American,0,M,1,1
56,Male,African-American,12,F,5,1
40,Male,Caucasian,1,M,4,0
48,Female,Caucasian,8,M,4,1
26,Female,African-American,0,F,4,0
66,Male,Caucasian,1,F,1,1
54,Female,African-American,6,F,4,0
31,Male,Caucasian,4,M,7,1
34,Male,Caucasian,0,F,3,0
25,Male,African-American,9,F,9,1
47,Male,Caucasian,2,F,4,0
51,Male,African-American,12,F,8,1
25,Male,Caucasian,1,F,3,0
25,Male,Other,0,F,2,1
31,Female,African-American,2,F,2,1
36,Male,Caucasian,1,F,2,0
49,Male,Caucasian,0,M,1,0
31,Male,African-American,0,F,7,0
30,Male,Caucasian,1,F,3,0
29,Male,African-American,3,F,9,1
53,Female,Caucasian,6,F,5,1
21,Male,African-American,1,F,9,1
21,Male,African-American,0,F,4,0
27,Female,African-American,1,F,5,1
65,Female,African-American,0,F,1,0
59,Female,Caucasian,0,M,1,0
59,Male,African-American,0,M,1,0
24,Male,African-American,0,M,7,0
40,Male,African-American,0,F,1,0
51,Male,African-American,0,F,1,1
34,Male,African-American,10,F,9,1
30,Male,Hispanic,1,F,2,1
52,Male,African-American,1,F,1,0
38,Male,African-American,2,F,3,1
22,Female,African-American,0,F,8,0
43,Male,African-American,0,F,5,0
32,Male,Caucasian,5,F,9,1
55,Male,African-American,0,F,1,0
26,Male,African-American,2,F,2,0
23,Male,Caucasian,1,M,2,0
47,Female,Other,0,F,1,0
28,Male,Caucasian,1,M,2,1
27,Male,Hispanic,0,F,2,1
61,Male,Hispanic,2,F,4,1
26,Male,African-American,0,F,2,0
28,Female,Caucasian,1,M,5,1
43,Male,African-American,0,F,5,1
33,Male,African-American,21,M,7,1
21,Male,Caucasian,0,M,3,0
32,Female,Caucasian,0,M,1,0
22,Male,African-American,1,F,4,1
51,Male,African-American,3,F,1,0
20,Male,African-American,2,F,10,1
35,Male,Caucasian,2,F,3,0
37,Female,African-American,3,F,1,0
28,Male,African-American,0,M,7,1
41,Male,Caucasian,3,M,5,1
24,Male,African-American,0,M,8,1
33,Female,African-American,3,M,4,0
30,Female,Caucasian,4,F,6,0
20,Male,African-American,1,F,7,1
42,Female,African-American,1,F,1,0
40,Female,African-American,15,F,7,1
39,Male,African-American,0,F,4,1
21,Male,African-American,0,F,7,0
39,Male,Caucasian,2,F,2,1
24,Male,Caucasian,0,F,2,0
41,Male,African-American,0,F,1,0
39,Male,African-American,1,F,4,0
24,Female,African-American,3,F,8,0
24,Female,African-American,1,F,4,0
29,Male,African-American,0,M,2,1
25,Male,Caucasian,2,M,5,1
23,Female,Caucasian,0,F,6,1
22,Male,African-American,1,F,10,1
26,Female,Other,4,M,7,1
26,Male,African-American,3,M,9,1
24,Female,African-American,3,M,6,1
44,Male,African-American,0,M,5,0
36,Male,Caucasian,1,F,2,1
39,Male,Caucasian,10,F,8,1
42,Male,Caucasian,0,F,4,0
45,Male,Caucasian,1,M,1,0
25,Male,African-American,7,F,10,1
33,Male,Caucasian,0,F,2,0
25,Male,Caucasian,0,M,3,0
32,Male,African-American,5,F,4,0
23,Male,African-American,0,F,7,0
39,Male,Caucasian,0,M,5,0
27,Male,African-American,12,F,8,1
35,Female,Caucasian,4,M,7,0
38,Female,African-American,0,M,1,0
30,Male,African-American,4,F,2,0
30,Male,Caucasian,1,F,5,0
30,Female,Caucasian,0,M,8,0
26,Male,African-American,18,F,10,1
31,Male,African-American,2,F,2,0
34,Male,Other,0,F,2,0
25,Female,African-American,0,M,5,0
26,Female,Caucasian,1,F,6,0
38,Male,African-American,2,F,7,1
37,Female,African-American,0,M,1,0
34,Male,Caucasian,3,M,5,0
38,Female,Hispanic,0,F,2,0
31,Female,African-American,0,M,6,0
29,Female,Caucasian,0,M,2,0
20,Male,Caucasian,1,F,9,1
22,Male,African-American,0,F,4,0
51,Female,Hispanic,0,M,1,0
24,Male,African-American,2,M,4,1
47,Male,African-American,0,F,8,1
36,Female,African-American,1,F,5,1
21,Male,African-American,1,M,4,0
25,Male,African-American,3,M,10,1
23,Male,African-American,5,F,9,1
23,Male,Other,0,M,3,0
24,Female,Caucasian,0,M,10,0
35,Male,Caucasian,2,F,2,1
23,Female,Hispanic,0,M,4,0
19,Female,African-American,0,M,4,1
32,Male,Caucasian,0,F,1,1
39,Female,Caucasian,0,M,1,1
30,Male,African-American,12,F,9,1
33,Male,African-American,2,F,7,0
36,Female,Caucasian,0,M,2,0
29,Male,African-American,8,F,8,1
40,Female,Caucasian,0,F,2,0
53,Male,African-American,4,F,7,0
28,Female,Caucasian,0,M,2,0
38,Male,Hispanic,2,M,2,0
27,Male,African-American,9,F,9,1
55,Male,Caucasian,0,F,3,0
22,Male,African-American,1,M,7,0
34,Female,African-American,1,F,1,0
55,Male,Caucasian,1,M,2,0
24,Male,Hispanic,2,F,8,0
47,Female,African-American,21,M,9,1
41,Male,Other,0,M,1,0
41,Male,Hispanic,0,F,3,0
61,Male,African-American,12,F,3,0
57,Male,African-American,3,F,1,0
38,Female,Caucasian,2,M,3,0
25,Male,Caucasian,13,F,4,1
23,Male,African-American,0,F,2,1
23,Male,Caucasian,3,F,5,0
20,Male,African-American,0,F,3,0
44,Male,Caucasian,1,F,8,0
38,Female,Caucasian,1,M,1,0
56,Male,African-American,5,F,2,1
43,Male,Caucasian,2,F,2,1
22,Male,African-American,0,F,3,1
32,Male,Other,0,F,1,0
29,Male,African-American,0,F,6,0
22,Male,African-American,1,F,9,1
23,Male,African-American,3,F,9,1
24,Male,Caucasian,1,F,4,0
45,Male,Other,0,M,1,0
21,Male,African-American,2,F,9,0
29,Female,African-American,0,M,2,0
51,Female,Caucasian,0,M,4,1
36,Male,Hispanic,2,M,2,1
25,Male,African-American,1,F,3,0
46,Male,Hispanic,13,F,3,0
62,Male,African-American,22,F,8,1
25,Male,African-American,0,F,4,1
27,Male,Caucasian,2,F,2,0
22,Female,Caucasian,3,F,9,1
37,Male,Hispanic,1,F,1,0
21,Male,Caucasian,0,F,3,1
39,Female,Caucasian,2,F,5,1
43,Male,African-American,8,F,3,1
22,Male,African-American,0,M,6,1
28,Female,African-American,4,F,7,0
43,Male,Caucasian,0,F,9,1
27,Male,Caucasian,7,F,8,1
27,Male,Other,0,F,2,1
31,Male,Caucasian,1,F,2,1
28,Female,African-American,0,M,2,0
58,Male,Caucasian,3,M,2,0
22,Male,Caucasian,0,F,4,1
31,Male,African-American,5,F,4,0
33,Male,African-American,0,F,3,0
26,Male,African-American,6,M,10,1
23,Female,African-American,1,M,5,0
32,Male,Caucasian,11,F,10,0
22,Male,Caucasian,0,F,8,0
35,Female,African-American,2,F,2,0
47,Male,Caucasian,1,F,6,1
35,Male,Hispanic,2,F,1,0
29,Male,African-American,17,F,9,1
54,Female,Caucasian,1,M,2,0
29,Male,Caucasian,0,F,8,0
28,Female,Other,0,M,4,1
51,Male,African-American,17,F,8,1
36,Female,African-American,0,M,6,0
35,Male,Caucasian,3,M,4,1
20,Male,African-American,1,F,4,1
25,Male,African-American,0,F,5,0
29,Male,African-American,2,M,5,0
31,Male,Hispanic,0,F,10,1
39,Male,Caucasian,0,M,2,0
30,Male,African-American,1,F,4,1
23,Female,African-American,0,F,7,0
23,Female,African-American,1,F,4,0
37,Female,Hispanic,0,M,3,0
30,Male,African-American,21,F,7,1
33,Male,African-American,18,F,9,1
20,Male,Hispanic,0,M,4,1
30,Male,African-American,9,F,7,1
23,Male,African-American,1,F,6,0
27,Female,African-American,0,F,3,1
38,Male,African-American,10,M,6,0
42,Male,African-American,1,F,1,0
31,Male,African-American,0,F,3,0
23,Male,African-American,2,F,9,1
31,Male,Caucasian,1,F,3,1
43,Male,African-American,1,M,5,1
39,Male,Caucasian,0,F,3,0
31,Male,African-American,0,M,2,0
22,Male,Caucasian,3,F,7,1
33,Female,African-American,0,F,3,0
23,Male,African-American,1,F,6,1
29,Female,Caucasian,0,F,4,0
62,Male,Caucasian,2,F,1,0
56,Female,African-American,1,F,2,1
24,Female,African-American,4,F,3,1
44,Female,Caucasian,0,M,1,0
22,Male,African-American,2,F,7,1
28,Female,African-American,4,F,5,1
30,Male,African-American,0,F,5,0
32,Male,Caucasian,1,M,1,1
51,Male,Caucasian,3,F,6,0
21,Male,African-American,0,F,5,0
21,Male,African-American,2,F,9,1
27,Male,African-American,3,F,9,1
28,Male,Hispanic,0,F,4,0
31,Female,African-American,0,F,1,0
33,Male,African-American,0,M,8,1
49,Female,Caucasian,2,F,2,0
41,Female,Other,2,F,3,0
20,Male,Caucasian,0,M,4,0
31,Male,African-American,10,F,6,1
25,Male,African-American,5,F,5,1
23,Male,African-American,4,F,9,1
26,Male,Caucasian,0,M,4,0
45,Female,Asian,6,F,3,1
28,Male,Caucasian,1,M,2,0
28,Female,African-American,13,F,9,1
39,Male,Caucasian,0,F,1,1
59,Male,Hispanic,1,F,2,1
52,Male,African-American,4,M,1,0
36,Male,Hispanic,1,M,5,0
30,Male,African-American,2,F,3,1
21,Female,African-American,0,M,5,1
25,Male,African-American,2,M,4,1
22,Male,African-American,0,F,4,0
61,Male,African-American,20,M,2,1
24,Male,Caucasian,2,F,6,0
26,Female,Caucasian,2,F,9,1
34,Female,African-American,6,F,3,0
45,Male,African-American,12,M,8,1
54,Male,African-American,4,F,3,1
51,Male,African-American,8,M,5,0
28,Male,African-American,0,F,2,0
23,Male,Caucasian,0,F,2,0
30,Male,Caucasian,0,F,2,1
25,Male,African-American,0,M,3,1
25,Male,Caucasian,2,F,5,0
28,Male,Caucasian,2,F,7,0
32,Female,African-American,0,M,1,1
35,Male,African-American,7,F,4,0
49,Male,African-American,0,M,1,1
36,Male,Caucasian,5,F,3,1
33,Male,African-American,16,M,9,1
30,Male,Other,1,F,1,0
58,Female,Caucasian,1,M,2,0
22,Male,African-American,2,F,7,0
28,Male,Caucasian,2,F,3,1
28,Male,Hispanic,0,M,1,1
26,Male,African-American,6,F,10,1
36,Female,Caucasian,3,F,1,1
23,Male,Caucasian,0,F,9,0
22,Male,African-American,0,F,5,1
26,Male,African-American,0,F,3,0
25,Male,African-American,1,F,5,0
40,Male,Native American,2,M,6,0
28,Male,African-American,0,M,2,1
56,Male,African-American,1,F,1,0
36,Male,African-American,0,F,4,0
51,Male,Caucasian,0,M,1,0
35,Female,African-American,9,F,8,0
24,Male,Caucasian,0,M,5,1
27,Male,African-American,6,M,4,1
22,Male,Caucasian,2,F,9,1
23,Female,Caucasian,4,M,9,1
27,Female,Caucasian,0,M,2,1
31,Male,African-American,8,F,9,1
25,Male,Caucasian,3,F,7,0
52,Female,Caucasian,0,M,1,0
35,Male,Hispanic,0,F,7,0
24,Female,Caucasian,0,F,5,0
57,Male,Other,0,F,1,0
38,Male,Caucasian,2,F,1,0
26,Male,Hispanic,1,M,5,0
20,Male,African-American,3,F,7,1
34,Male,African-American,2,F,2,0
25,Male,African-American,11,M,9,1
24,Female,Caucasian,0,F,5,0
49,Male,Caucasian,4,M,6,1
27,Male,African-American,15,F,10,1
28,Male,African-American,10,F,5,1
55,Male,Caucasian,0,F,5,0
47,Male,Caucasian,3,M,3,1
55,Male,African-American,10,M,7,1
22,Male,African-American,0,F,3,1
32,Male,African-American,9,F,8,0
55,Male,Caucasian,0,F,1,0
23,Male,African-American,3,M,5,0
54,Male,Caucasian,2,F,4,1
40,Male,Asian,0,F,1,0
27,Male,African-American,0,M,2,1
29,Female,African-American,5,F,7,0
45,Female,Caucasian,0,M,1,0
25,Male,Other,2,M,6,0
40,Male,Caucasian,4,F,3,1
38,Male,African-American,7,F,4,1
26,Male,African-American,3,F,10,1
37,Female,African-American,0,F,1,0
41,Male,Caucasian,1,F,1,0
33,Female,Other,0,F,2,0
57,Male,African-American,1,F,1,0
34,Male,African-American,3,M,9,0
29,Male,African-American,1,F,4,1
45,Male,Hispanic,8,F,7,0
22,Male,Caucasian,1,F,4,0
22,Female,African-American,0,M,8,1
21,Male,African-American,0,M,4,0
56,Male,Caucasian,1,M,1,0
48,Male,African-American,4,F,3,0
27,Male,Hispanic,1,M,2,0
27,Male,Caucasian,2,F,6,1
34,Male,Hispanic,1,F,2,0
23,Male,African-American,5,F,6,1
47,Male,African-American,3,F,5,1
33,Male,African-American,6,M,3,1
58,Male,Caucasian,1,F,1,0
33,Female,African-American,1,F,5,0
40,Female,African-American,2,M,5,0
22,Male,Caucasian,0,F,5,0
39,Male,Caucasian,2,F,3,0
35,Male,Caucasian,1,F,1,0
22,Male,Hispanic,0,M,2,0
43,Male,African-American,7,F,6,1
37,Male,Hispanic,4,M,4,0
26,Male,African-American,2,F,8,1
60,Male,Hispanic,0,F,4,0
39,Female,Caucasian,1,F,4,0
36,Male,African-American,16,M,8,1
21,Male,Caucasian,0,M,4,1
28,Female,Hispanic,1,F,3,1
70,Female,Other,0,F,1,0
53,Male,African-American,6,F,2,0
37,Male,Caucasian,0,F,6,0
21,Male,African-American,1,F,6,1
28,Male,African-American,1,F,6,0
21,Male,African-American,1,F,6,0
56,Male,African-American,0,F,1,0
30,Male,Caucasian,3,M,3,0
27,Male,Caucasian,0,F,8,1
37,Male,Hispanic,6,F,2,1
27,Male,African-American,1,F,8,0
41,Male,African-American,7,M,7,1
30,Female,African-American,7,M,3,1
32,Male,African-American,7,F,8,1
32,Male,African-American,3,F,4,0
34,Female,Caucasian,5,F,5,1
46,Male,African-American,3,F,1,0
24,Male,African-American,1,F,3,1
32,Male,African-American,7,F,6,1
43,Male,Caucasian,6,F,4,1
50,Male,Caucasian,3,F,2,0
30,Male,Caucasian,4,F,4,1
37,Male,African-American,3,M,7,0
37,Male,Hispanic,1,F,5,0
40,Male,Caucasian,3,M,4,0
53,Female,Caucasian,0,M,1,0
31,Male,Other,6,M,2,1
33,Male,African-American,4,M,3,0
22,Female,African-American,0,M,4,0
27,Male,African-American,2,M,3,1
25,Male,African-American,5,M,8,1
24,Male,Caucasian,2,F,2,0
24,Female,African-American,2,F,5,1
26,Female,African-American,1,F,7,0
26,Female,African-American,3,F,10,1
20,Male,Caucasian,0,F,4,1
27,Male,African-American,4,M,6,1
24,Male,Caucasian,1,F,3,1
26,Male,African-American,8,F,7,1
26,Male,Caucasian,5,M,5,0
54,Male,Hispanic,0,F,1,1
64,Male,African-American,13,M,6,0
24,Male,Caucasian,0,F,2,0
57,Female,Caucasian,0,M,1,0
46,Female,Caucasian,0,M,1,0
56,Male,African-American,16,F,5,0
39,Female,Caucasian,0,M,2,0
68,Male,Caucasian,4,M,1,0
28,Male,African-American,1,M,3,1
39,Male,African-American,19,M,6,1
38,Male,Caucasian,0,M,1,0
25,Female,African-American,3,M,10,0
25,Male,Caucasian,2,F,5,0
21,Male,African-American,3,F,7,1
31,Male,Caucasian,2,F,5,0
33,Male,African-American,3,F,6,1
26,Male,African-American,20,F,10,1
35,Female,African-American,13,F,8,0
34,Male,African-American,19,M,8,0
41,Male,Other,31,F,9,1
57,Male,Other,0,M,1,0
42,Female,African-American,1,F,2,0
26,Male,African-American,9,F,10,1
36,Male,African-American,2,F,6,1
41,Male,African-American,24,F,10,1
27,Male,Caucasian,0,F,2,0
58,Female,Other,0,F,1,1
45,Male,Caucasian,3,F,1,1
34,Male,Caucasian,5,F,2,0
50,Male,Hispanic,0,M,1,0
25,Male,Caucasian,6,F,8,1
24,Male,African-American,2,M,5,1
27,Male,African-American,2,F,7,0
30,Male,Caucasian,2,M,4,1
22,Male,Caucasian,3,F,8,1
27,Male,African-American,0,F,5,0
20,Male,Other,0,F,3,1
41,Male,African-American,19,F,5,1
30,Male,Caucasian,0,F,1,0
24,Male,African-American,3,F,8,0
39,Male,African-American,0,M,1,0
32,Female,African-American,3,F,2,1
29,Female,Caucasian,0,F,6,1
37,Male,Other,0,F,1,1
26,Male,African-American,24,F,10,1
24,Male,African-American,2,F,6,1
30,Male,Other,2,F,1,0
20,Male,African-American,4,F,10,1
25,Male,African-American,1,M,6,1
31,Female,Caucasian,0,F,4,1
25,Male,African-American,0,M,5,1
41,Male,Caucasian,0,F,1,1
25,Male,Caucasian,0,F,3,0
25,Male,African-American,2,F,5,1
22,Male,African-American,1,F,4,1
25,Female,African-American,0,F,7,0
38,Male,African-American,0,M,2,0
40,Male,Hispanic,0,F,5,0
49,Female,Caucasian,4,M,2,0
35,Female,Caucasian,2,M,3,0
21,Male,Native American,0,M,6,1
25,Male,Other,0,F,4,0
21,Male,Caucasian,1,F,4,0
24,Female,African-American,11,M,9,1
28,Male,Caucasian,3,F,3,0
34,Male,African-American,4,F,6,1
57,Male,African-American,8,M,7,0
40,Male,African-American,15,F,9,1
22,Male,African-American,2,M,4,1
37,Male,African-American,3,M,6,1
43,Female,African-American,0,F,6,0
26,Male,African-American,5,F,7,1
24,Male,Caucasian,2,F,3,1
56,Male,Caucasian,1,F,1,1
23,Male,African-American,2,F,7,1
43,Male,Caucasian,12,F,6,0
32,Male,Asian,0,M,1,0
21,Male,African-American,0,F,9,1
51,Male,African-American,2,F,3,0
20,Male,African-American,0,M,10,1
42,Male,African-American,17,F,10,1
58,Male,Hispanic,1,M,1,0
28,Female,Other,1,F,2,0
30,Female,African-American,2,M,3,0
28,Male,Caucasian,4,M,6,1
24,Female,Caucasian,9,M,10,1
22,Male,African-American,1,F,9,1
50,Male,Caucasian,1,F,2,0
30,Male,African-American,5,M,9,0
28,Male,Caucasian,0,F,2,1
21,Male,African-American,3,F,7,1
26,Male,Hispanic,2,M,1,0
51,Female,Caucasian,0,F,5,0
21,Male,African-American,1,F,7,0
29,Male,Caucasian,0,F,2,1
43,Male,Caucasian,0,M,4,0
22,Male,African-American,1,F,4,0
52,Male,African-American,0,F,7,1
36,Male,African-American,0,F,1,0
24,Male,African-American,0,F,2,0
26,Male,African-American,5,F,6,0
27,Male,African-American,8,M,8,0
19,Male,Caucasian,0,M,8,1
26,Male,Caucasian,2,F,5,0
29,Female,African-American,0,F,4,0
29,Female,Caucasian,20,F,10,1
38,Male,African-American,1,F,4,1
34,Male,African-American,5,F,6,0
23,Male,Other,2,F,4,0
26,Male,Other,0,F,5,1
29,Female,African-American,1,M,2,0
24,Male,African-American,1,F,5,0
31,Male,Hispanic,1,F,8,1
50,Male,Caucasian,0,F,1,0
24,Female,African-American,0,M,7,0
31,Female,African-American,0,F,3,0
36,Male,African-American,13,F,9,1
32,Male,African-American,13,M,9,1
42,Male,African-American,1,M,2,1
22,Male,African-American,0,F,7,0
26,Male,African-American,5,F,7,1
26,Male,African-American,10,F,8,1
30,Male,Hispanic,3,M,5,1
53,Male,Caucasian,3,M,2,1
23,Male,African-American,2,F,6,1
22,Male,Caucasian,0,F,3,0
27,Male,Caucasian,0,M,2,0
21,Female,Other,0,M,4,0
42,Male,Caucasian,2,F,7,1
31,Male,African-American,4,F,5,1
80,Male,Caucasian,0,M,1,0
68,Male,African-American,6,M,4,0
23,Male,African-American,1,F,8,0
36,Male,African-American,4,F,6,1
24,Male,Caucasian,0,F,10,0
21,Male,Caucasian,0,F,8,1
26,Male,African-American,3,M,4,1
30,Female,African-American,8,F,7,1
36,Male,Caucasian,1,F,5,0
21,Male,African-American,0,F,8,1
31,Female,African-American,1,M,5,0
20,Female,African-American,0,F,6,1
49,Male,Caucasian,4,M,8,0
24,Male,Caucasian,0,F,9,0
20,Male,African-American,0,F,8,1
44,Male,Caucasian,1,M,1,0
25,Female,African-American,1,F,3,0
41,Male,Caucasian,11,F,4,1
25,Male,African-American,1,F,2,0
44,Male,Hispanic,0,M,1,0
33,Male,African-American,0,F,1,0
20,Male,African-American,0,F,7,1
21,Male,African-American,1,F,6,1
44,Male,Caucasian,3,F,5,0
23,Male,African-American,1,F,9,1
35,Male,African-American,0,M,8,1
41,Female,African-American,0,M,1,0
30,Male,African-American,1,F,5,0
36,Male,African-American,7,F,2,1
26,Male,African-American,1,F,1,1
32,Female,Hispanic,0,F,2,0
23,Male,Caucasian,0,M,3,1
43,Female,African-American,9,M,9,0
30,Male,African-American,3,F,2,1
44,Male,Caucasian,1,F,1,1
39,Male,Caucasian,1,F,1,0
37,Male,Hispanic,2,F,1,1
31,Male,African-American,6,F,8,1
63,Male,Caucasian,5,M,1,0
66,Female,African-American,11,F,8,1
19,Male,Hispanic,2,F,8,1
24,Male,Caucasian,3,F,5,0
21,Male,Caucasian,2,M,10,0
48,Female,Caucasian,0,F,2,0
37,Male,African-American,0,F,1,0
21,Male,African-American,0,M,2,1
20,Female,Other,0,M,5,0
64,Female,Caucasian,0,M,1,0
22,Male,Caucasian,0,M,6,0
43,Male,Caucasian,8,F,3,0
25,Male,Caucasian,3,F,7,1
33,Male,Caucasian,10,F,9,0
26,Male,African-American,1,F,6,0
33,Female,Caucasian,1,M,3,0
44,Male,African-American,0,F,1,0
31,Male,African-American,0,F,2,0
50,Male,Caucasian,9,M,6,1
33,Male,African-American,16,F,9,1
31,Male,African-American,1,F,10,1
25,Female,Hispanic,0,M,3,0
43,Female,African-American,2,M,2,0
27,Male,African-American,0,M,1,1
34,Male,Other,2,M,1,0
44,Male,Other,0,F,1,0
31,Male,African-American,6,M,10,1
26,Male,African-American,2,F,3,1
20,Male,African-American,4,F,9,1
41,Male,Hispanic,1,F,2,1
55,Female,Hispanic,0,M,1,0
29,Male,African-American,6,F,2,0
31,Male,Other,0,M,1,0
31,Male,African-American,11,F,7,1
52,Male,Other,0,F,1,0
59,Male,Caucasian,0,M,1,0
49,Male,African-American,1,M,1,1
36,Male,Caucasian,11,M,6,1
23,Female,African-American,1,F,3,0
46,Male,Caucasian,26,F,7,1
59,Male,Caucasian,2,M,1,1
51,Male,Hispanic,1,F,1,0
34,Male,African-American,0,F,1,0
32,Male,Other,0,F,1,0
54,Male,African-American,1,F,3,0
24,Male,African-American,3,F,10,1
32,Male,Other,0,M,3,1
22,Male,Caucasian,0,F,5,1
36,Male,African-American,0,F,1,0
61,Male,Caucasian,0,M,1,0
38,Female,African-American,0,M,2,0
41,Male,Hispanic,9,F,2,0
34,Male,Hispanic,2,M,1,1
32,Male,African-American,0,F,3,0
37,Male,Caucasian,1,F,7,1
21,Male,African-American,4,F,8,0
57,Male,African-American,0,F,1,1
68,Male,African-American,2,F,4,0
24,Male,African-American,0,M,3,0
46,Male,African-American,3,F,1,1
41,Male,Caucasian,1,F,4,1
30,Male,Other,0,F,2,0
25,Male,African-American,8,F,8,1
24,Male,African-American,7,F,7,1
41,Male,African-American,1,F,4,0
55,Male,Other,4,F,1,0
33,Male,Caucasian,1,F,4,0
23,Male,African-American,0,F,2,0
47,Female,Caucasian,28,F,9,1
51,Female,Caucasian,0,F,1,0
36,Male,Caucasian,1,M,2,0
57,Male,Hispanic,0,M,1,0
43,Male,African-American,0,M,1,0
26,Male,African-American,4,F,7,1
47,Male,Other,0,M,1,0
60,Male,African-American,1,F,1,0
24,Male,African-American,0,M,5,1
20,Male,Caucasian,0,F,7,1
28,Female,Caucasian,0,M,3,0
28,Male,African-American,7,F,7,1
58,Male,Caucasian,2,M,3,1
54,Male,Other,1,F,1,0
24,Female,African-American,2,F,7,1
34,Female,Other,0,M,1,0
48,Male,Other,1,F,1,0
37,Male,African-American,0,F,8,0
28,Male,African-American,8,F,8,1
46,Male,Caucasian,14,F,3,1
45,Male,Caucasian,2,M,4,0
20,Male,African-American,2,F,7,1
52,Male,African-American,0,M,1,0
29,Male,African-American,0,M,2,0
34,Male,African-American,11,F,8,1
24,Male,African-American,0,F,2,1
28,Male,African-American,6,F,10,1
28,Male,African-American,2,F,5,1
29,Male,African-American,0,F,7,0
55,Female,Caucasian,2,F,1,0
68,Male,Hispanic,0,M,1,0
22,Male,Hispanic,0,F,4,1
24,Male,Caucasian,3,F,8,1
20,Male,African-American,0,F,3,0
23,Male,African-American,0,M,5,0
44,Male,African-American,6,F,4,1
34,Male,African-American,8,F,7,1
55,Male,African-American,0,M,1,1
23,Female,African-American,0,F,6,1
23,Female,African-American,3,F,9,1
24,Male,Hispanic,0,F,2,0
77,Male,African-American,0,M,1,0
52,Male,Caucasian,3,M,2,0
34,Male,African-American,8,F,9,1
39,Male,Hispanic,0,F,1,0
30,Male,Caucasian,2,M,2,1
30,Male,African-American,3,M,2,1
26,Male,African-American,0,F,4,1
51,Female,Caucasian,1,M,2,0
34,Male,African-American,2,F,3,0
23,Male,Caucasian,0,F,2,0
32,Male,Caucasian,2,F,2,0
38,Male,African-American,8,M,6,0
21,Male,African-American,0,F,7,1
34,Male,Hispanic,5,F,6,1
53,Male,Caucasian,8,M,2,1
34,Male,Caucasian,1,F,7,0
25,Male,Caucasian,5,F,7,1
54,Male,African-American,1,M,1,0
25,Male,Caucasian,2,M,4,1
25,Male,Other,3,F,8,1
34,Male,Hispanic,1,M,1,0
46,Male,Other,0,F,1,1
22,Male,African-American,0,F,7,1
23,Female,African-American,2,F,10,1
27,Male,Caucasian,1,M,7,1
45,Male,African-American,7,F,1,0
31,Female,Caucasian,9,F,7,1
45,Male,Caucasian,1,M,1,0
28,Male,African-American,12,F,5,0
24,Male,African-American,1,F,6,1
28,Female,Caucasian,6,M,10,1
41,Male,African-American,2,F,1,0
35,Male,African-American,3,M,2,1
20,Male,African-American,1,F,8,1
32,Male,African-American,19,F,9,1
28,Male,African-American,2,F,5,0
33,Male,African-American,7,F,6,1
26,Male,African-American,8,F,8,1
22,Male,African-American,1,M,9,1
25,Female,African-American,4,F,5,0
21,Male,Hispanic,0,F,9,1
23,Female,Caucasian,1,M,2,0
30,Male,African-American,2,F,8,1
25,Male,African-American,11,M,8,1
33,Male,African-American,3,F,6,1
35,Male,Caucasian,3,M,3,0
34,Male,Caucasian,13,F,8,1
37,Male,African-American,2,F,2,1
55,Female,Caucasian,0,F,7,1
43,Male,Caucasian,1,M,1,0
27,Male,African-American,27,M,10,1
26,Male,African-American,7,F,6,0
42,Female,Caucasian,4,M,6,1
27,Male,Hispanic,0,M,2,0
41,Male,Caucasian,1,F,5,0
21,Male,African-American,2,M,9,1
30,Male,African-American,4,M,2,1
30,Male,Caucasian,1,F,8,0
45,Female,Caucasian,0,F,9,1
23,Male,African-American,2,F,8,1
31,Female,African-American,2,F,5,1
40,Male,African-American,8,M,6,1
33,Male,African-American,1,F,2,0
40,Male,African-American,11,M,3,1
56,Male,Caucasian,1,F,2,0
21,Male,African-American,0,M,3,1
51,Male,African-American,4,F,1,0
36,Male,Caucasian,0,M,1,0
25,Male,Hispanic,3,F,6,1
30,Male,Caucasian,0,M,1,0
21,Female,Caucasian,0,F,5,0
25,Male,Hispanic,2,F,2,1
38,Male,Hispanic,0,F,2,0
41,Male,African-American,3,M,2,1
22,Female,Caucasian,0,F,7,1
29,Male,Other,8,F,6,1
21,Male,Hispanic,0,F,3,1
40,Female,African-American,2,F,1,0
37,Male,African-American,2,F,3,0
37,Female,African-American,0,F,3,0
23,Female,African-American,2,F,5,1
55,Male,Hispanic,0,F,1,0
19,Male,African-American,1,F,4,1
26,Male,Caucasian,1,F,2,1
25,Male,African-American,0,M,3,0
39,Male,Caucasian,17,F,2,1
36,Male,Caucasian,0,F,3,1
26,Male,African-American,6,M,8,0
51,Male,African-American,8,M,1,1
20,Male,African-American,0,F,8,0
43,Female,Caucasian,0,M,1,0
22,Male,African-American,0,F,7,1
24,Female,Caucasian,0,M,5,1
35,Male,African-American,2,F,3,0
55,Male,Caucasian,0,M,1,0
52,Female,African-American,0,M,1,0
33,Female,African-American,0,M,9,0
30,Male,Other,0,F,1,0
32,Male,African-American,3,F,5,1
20,Male,African-American,5,F,9,1
67,Male,African-American,8,F,4,0
31,Male,African-American,7,M,4,0
21,Male,Caucasian,0,F,4,1
30,Male,African-American,4,M,8,0
55,Male,Caucasian,0,M,1,0
25,Male,African-American,0,F,2,0
25,Male,African-American,0,F,7,0
27,Male,African-American,10,F,8,1
22,Male,African-American,0,F,4,0
37,Male,African-American,8,F,6,0
68,Male,Caucasian,7,F,7,1
37,Male,Caucasian,0,F,6,0
22,Male,Caucasian,5,M,5,1
30,Male,African-American,4,M,2,0
34,Male,African-American,1,M,2,0
28,Male,Other,0,M,1,0
37,Male,Caucasian,4,M,5,1
41,Female,African-American,8,F,8,1
52,Male,Hispanic,0,M,1,0
36,Male,Caucasian,2,M,1,0
26,Male,Caucasian,2,F,2,0
24,Male,Caucasian,0,F,2,0
27,Male,African-American,0,F,6,0
37,Female,Caucasian,0,M,1,0
37,Male,Hispanic,1,F,3,0
23,Male,African-American,3,F,7,1
58,Male,Caucasian,5,M,2,0
62,Female,Caucasian,1,M,1,1
41,Female,African-American,0,F,1,0
33,Male,Hispanic,0,M,1,0
33,Male,African-American,0,M,1,0
33,Male,African-American,12,F,10,1
41,Male,African-American,14,F,6,1
22,Male,Hispanic,0,F,3,0
26,Male,Caucasian,3,F,5,1
33,Female,Caucasian,0,F,1,0
25,Male,African-American,0,M,6,0
37,Male,African-American,0,M,1,1
23,Male,Caucasian,11,F,10,1
21,Male,African-American,0,M,9,0
45,Male,Caucasian,21,F,6,1
37,Male,Caucasian,13,F,7,0
24,Male,African-American,2,M,4,0
35,Male,African-American,0,F,4,0
22,Female,African-American,0,F,4,1
29,Male,Caucasian,10,F,9,1
41,Male,African-American,6,F,3,1
37,Male,Hispanic,8,F,2,1
51,Male,African-American,19,F,8,1
26,Female,African-American,1,F,3,1
46,Male,African-American,2,M,7,0
41,Male,Caucasian,0,F,1,0
31,Male,Caucasian,9,F,6,1
25,Male,African-American,2,F,9,0
27,Male,African-American,1,M,5,0
31,Male,African-American,13,F,9,1
23,Male,Caucasian,0,M,4,0
52,Male,African-American,7,M,3,1
29,Male,African-American,6,F,6,1
40,Male,Caucasian,10,F,7,1
49,Female,Caucasian,0,F,2,0
49,Male,Caucasian,8,F,2,0
24,Male,African-American,3,F,5,1
41,Male,African-American,7,M,3,0
27,Female,African-American,3,M,5,1
40,Male,African-American,1,F,1,1
47,Male,Caucasian,0,M,1,1
20,Female,Caucasian,0,F,10,1
21,Male,African-American,2,M,8,1
44,Male,African-American,8,M,8,1
41,Male,Caucasian,0,M,1,0
31,Male,African-American,5,M,9,1
42,Male,Hispanic,1,M,1,0
67,Female,African-American,0,F,1,0
42,Male,Caucasian,1,M,2,0
25,Male,African-American,0,F,3,0
27,Male,Hispanic,6,F,4,1
43,Male,Other,2,M,1,0
23,Male,Caucasian,6,F,9,1
27,Male,African-American,13,F,10,1
23,Male,African-American,2,F,2,0
33,Male,Caucasian,2,F,3,0
41,Male,Caucasian,0,M,1,0
31,Female,Caucasian,1,F,2,0
21,Male,African-American,2,F,7,1
53,Male,African-American,5,F,4,0
36,Male,African-American,1,M,1,0
58,Male,Caucasian,10,M,3,0
62,Male,Caucasian,0,F,1,0
25,Male,Caucasian,4,F,6,0
51,Male,African-American,15,F,8,1
46,Male,Caucasian,2,F,2,0
28,Male,African-American,4,M,2,1
24,Male,Caucasian,2,F,3,1
32,Male,Caucasian,6,F,8,0
23,Male,African-American,2,F,9,1
58,Female,Caucasian,0,M,1,0
59,Male,African-American,8,F,8,1
20,Male,African-American,0,F,7,1
57,Male,Caucasian,0,M,1,1
37,Male,Caucasian,1,F,2,1
43,Male,African-American,0,F,1,1
36,Female,African-American,1,M,5,0
59,Male,Caucasian,0,M,1,0
35,Male,Caucasian,4,F,2,1
29,Male,African-American,5,F,5,1
21,Female,African-American,0,M,5,0
28,Male,Caucasian,0,M,1,0
34,Male,African-American,5,M,3,1
42,Female,African-American,16,F,6,0
21,Male,African-American,3,F,9,1
69,Male,African-American,1,F,1,1
49,Female,Caucasian,1,M,1,0
24,Female,Caucasian,0,M,5,0
27,Male,African-American,4,F,8,1
55,Female,African-American,1,M,1,0
24,Male,African-American,7,M,8,1
21,Male,Caucasian,1,F,4,0
28,Male,Caucasian,0,F,6,1
34,Male,African-American,4,M,6,0
27,Male,African-American,2,F,5,0
37,Male,African-American,12,M,10,0
23,Male,Caucasian,0,F,4,0
27,Male,African-American,5,F,9,1
50,Male,African-American,1,F,1,0
22,Male,African-American,1,F,5,0
43,Male,African-American,1,F,6,1
29,Male,Caucasian,0,M,7,1
50,Female,Hispanic,1,F,2,1
61,Male,Caucasian,1,F,1,1
34,Male,African-American,1,F,1,0
31,Male,African-American,16,F,10,1
21,Male,Caucasian,0,F,4,0
23,Male,African-American,1,F,5,1
45,Male,Other,1,F,1,0
24,Male,African-American,1,M,8,1
30,Male,African-American,1,F,9,0
32,Male,African-American,17,F,8,1
61,Male,Caucasian,0,M,1,0
27,Male,Caucasian,3,M,3,0
41,Male,Hispanic,2,M,2,0
60,Male,Caucasian,0,M,1,0
23,Male,African-American,1,M,8,0
40,Male,Caucasian,0,M,1,0
30,Male,Caucasian,0,F,3,0
20,Female,African-American,0,F,5,0
48,Male,Asian,0,F,2,0
24,Male,African-American,0,M,5,1
30,Male,African-American,5,M,3,0
20,Female,African-American,0,M,4,1
25,Male,African-American,0,M,3,0
38,Male,Caucasian,0,M,2,0
29,Male,African-American,0,F,2,1
38,Female,Caucasian,1,M,5,1
27,Male,African-American,1,F,2,0
21,Male,Caucasian,0,M,4,1
24,Male,African-American,1,F,7,0
53,Male,Caucasian,3,F,1,1
36,Male,Caucasian,4,F,2,1
64,Male,African-American,8,M,4,1
23,Male,African-American,0,M,10,1
26,Male,Caucasian,3,M,10,0
48,Male,Caucasian,0,F,1,0
27,Male,Other,6,F,4,1
21,Male,African-American,0,F,4,0
20,Male,African-American,0,F,5,1
37,Male,African-American,17,M,9,0
51,Male,Caucasian,8,F,5,1
47,Male,Caucasian,2,F,2,1
27,Male,African-American,2,F,9,1
45,Male,African-American,16,F,7,0
41,Male,Caucasian,0,F,2,1
31,Male,Caucasian,3,M,2,1
28,Male,Asian,9,F,8,0
39,Male,Caucasian,1,F,1,0
33,Male,Caucasian,0,F,1,0
21,Female,African-American,1,F,6,1
48,Male,Asian,0,M,1,0
27,Male,African-American,3,M,3,0
24,Male,Hispanic,0,F,5,0
24,Female,Caucasian,0,M,3,0
29,Male,African-American,3,M,3,1
21,Male,Caucasian,0,F,5,1
31,Female,Caucasian,14,F,10,0
32,Male,Hispanic,1,F,1,0
62,Male,Caucasian,0,M,1,0
39,Male,Caucasian,3,F,6,1
56,Male,Caucasian,2,M,3,0
28,Male,African-American,6,F,1,0
26,Female,African-American,6,F,6,1
24,Male,African-American,5,F,9,1
51,Male,Hispanic,0,M,1,0
51,Male,Hispanic,1,F,3,0
28,Male,African-American,7,F,10,0
36,Female,African-American,1,M,2,0
38,Female,Caucasian,0,M,1,0
23,Male,African-American,1,F,2,0
28,Male,Caucasian,5,M,7,1
29,Female,Caucasian,7,F,6,1
38,Female,Other,0,F,1,0
29,Male,African-American,0,M,3,0
34,Female,Asian,1,F,1,0
29,Male,African-American,11,F,3,1
34,Male,African-American,8,M,7,0
26,Male,African-American,6,F,7,1
58,Male,African-American,0,F,1,0
37,Male,Hispanic,6,F,5,1
48,Male,Caucasian,0,M,6,1
30,Male,African-American,1,F,3,1
44,Male,African-American,0,F,3,0
36,Male,Caucasian,5,F,3,0
29,Female,African-American,11,F,9,1
23,Female,Other,0,M,6,0
53,Male,African-American,3,F,6,1
35,Male,African-American,8,M,6,0
39,Female,Caucasian,3,F,3,0
21,Male,Hispanic,1,F,8,1
26,Female,Caucasian,2,F,6,1
26,Male,African-American,10,F,9,1
28,Male,African-American,8,M,6,1
21,Female,Caucasian,3,M,7,1
37,Male,African-American,8,F,5,0
22,Male,African-American,12,F,10,1
28,Male,African-American,12,F,10,1
56,Female,Caucasian,0,M,1,0
30,Male,Caucasian,0,F,2,0
27,Male,African-American,2,F,4,0
29,Male,Other,0,F,2,0
27,Female,Caucasian,6,F,10,0
43,Male,African-American,15,M,9,1
53,Female,African-American,5,F,6,0
27,Male,African-American,6,F,7,1
26,Male,African-American,6,M,5,0
24,Female,Caucasian,1,F,6,0
30,Male,African-American,0,F,6,0
56,Male,Other,6,F,2,1
26,Male,African-American,4,F,9,0
24,Male,African-American,3,M,6,1
30,Male,Hispanic,6,M,3,1
54,Male,African-American,4,F,1,0
23,Male,Hispanic,0,F,5,1
25,Male,Other,1,F,4,1
36,Female,African-American,13,F,9,1
21,Male,African-American,1,F,10,1
26,Male,Caucasian,10,F,5,1
26,Male,Caucasian,10,M,8,1
45,Male,Caucasian,0,F,1,0
47,Male,Caucasian,1,M,5,0
31,Male,African-American,2,F,1,0
21,Male,African-American,0,F,7,1
28,Female,African-American,1,M,4,1
29,Male,Caucasian,9,F,8,1
28,Male,African-American,2,F,4,0
25,Female,Caucasian,1,M,4,1
22,Male,African-American,0,F,3,1
21,Female,African-American,0,F,6,0
48,Male,Caucasian,0,F,8,1
25,Male,African-American,4,F,9,1
37,Male,African-American,7,F,7,0
31,Male,Caucasian,5,F,6,1
56,Male,Other,0,M,1,0
24,Male,African-American,0,M,3,0
30,Male,African-American,15,F,10,1
47,Male,Caucasian,5,M,2,0
66,Male,Caucasian,2,M,3,0
51,Male,African-American,21,F,8,1
76,Male,Asian,0,F,1,0
28,Female,Caucasian,3,F,6,1
35,Male,African-American,1,M,4,0
44,Male,Other,6,F,1,1
38,Male,Hispanic,7,F,7,1
24,Male,African-American,0,F,5,0
36,Male,Caucasian,0,F,3,0
20,Male,Hispanic,0,F,6,1
21,Male,African-American,0,F,3,1
27,Male,African-American,7,F,10,1
28,Male,African-American,18,F,9,1
52,Male,Hispanic,0,M,1,1
39,Male,Caucasian,16,F,9,1
19,Male,African-American,0,F,4,1
40,Male,African-American,2,F,4,0
30,Male,Caucasian,5,F,8,1
28,Male,Caucasian,0,F,3,1
27,Male,Caucasian,0,M,2,0
23,Male,Hispanic,3,F,7,1
25,Male,African-American,7,F,6,0
24,Female,African-American,0,F,3,0
44,Male,Caucasian,0,F,7,0
44,Male,African-American,0,F,1,0
23,Female,African-American,0,M,7,0
31,Female,Caucasian,2,F,8,1
27,Male,African-American,0,F,2,0
26,Female,Caucasian,1,F,8,1
57,Male,African-American,16,M,5,1
55,Male,Caucasian,0,F,1,0
36,Female,Caucasian,7,F,6,1
30,Male,African-American,18,M,9,1
34,Male,African-American,0,F,8,1
24,Male,African-American,1,F,2,0
21,Male,Other,0,F,5,1
42,Male,African-American,7,F,1,0
34,Female,Caucasian,12,F,10,1
30,Male,Hispanic,3,M,4,0
40,Male,Caucasian,6,F,4,0
30,Male,Other,13,F,9,1
31,Male,Caucasian,3,M,3,1
27,Male,Caucasian,1,M,3,0
22,Male,Hispanic,0,F,2,1
37,Male,African-American,3,M,3,0
25,Male,African-American,1,F,2,0
45,Male,Caucasian,2,F,1,0
22,Male,Hispanic,1,F,2,1
31,Male,Caucasian,1,F,5,0
23,Male,African-American,0,F,5,0
21,Male,African-American,0,F,4,0
28,Male,African-American,6,M,5,1
35,Male,African-American,0,F,1,0
29,Male,African-American,4,F,4,1
23,Male,African-American,2,F,4,1
28,Male,African-American,7,F,10,1
34,Female,Caucasian,0,M,7,1
32,Female,Caucasian,5,F,2,0
25,Male,African-American,2,F,4,0
34,Male,Caucasian,15,F,7,0
47,Male,African-American,4,F,4,1
30,Female,African-American,4,F,5,0
22,Male,Caucasian,0,M,3,1
47,Female,African-American,7,F,9,1
37,Male,Caucasian,3,F,8,0
37,Male,African-American,8,M,5,0
26,Male,African-American,7,F,10,1
31,Female,Caucasian,0,M,2,0
20,Male,Caucasian,0,F,3,1
22,Male,African-American,0,F,7,1
33,Male,African-American,14,F,10,1
30,Male,African-American,1,M,2,0
27,Male,Caucasian,5,F,6,1
24,Male,African-American,2,M,9,1
20,Female,Other,1,M,4,0
29,Male,African-American,0,M,2,0
24,Male,Caucasian,0,F,3,0
36,Female,African-American,1,F,2,0
23,Male,African-American,0,M,3,1
21,Male,African-American,1,F,10,1
29,Male,African-American,6,F,6,1
25,Male,Hispanic,10,F,9,1
22,Female,Hispanic,1,F,4,0
29,Male,African-American,4,M,5,0
26,Female,African-American,0,M,9,0
50,Female,Caucasian,7,M,1,1
32,Male,African-American,1,F,2,0
45,Male,Hispanic,0,F,1,0
30,Male,African-American,1,F,2,0
25,Male,African-American,0,F,5,0
44,Female,Caucasian,10,F,5,1
58,Male,African-American,0,F,4,1
24,Male,African-American,5,F,6,0
20,Male,African-American,1,F,10,1
29,Male,Caucasian,0,M,1,1
21,Male,Caucasian,1,F,5,0
46,Female,Caucasian,1,F,1,0
29,Male,African-American,17,F,10,1
30,Male,African-American,0,F,4,1
55,Male,African-American,8,F,1,1
47,Male,Caucasian,2,M,1,0
30,Male,African-American,13,F,10,1
24,Male,African-American,4,F,5,1
45,Male,Caucasian,0,F,6,1
26,Male,African-American,2,M,5,0
42,Female,Caucasian,0,M,2,0
34,Male,African-American,1,M,2,0
21,Male,African-American,0,M,4,1
69,Female,Caucasian,2,M,1,0
24,Male,Caucasian,5,F,5,1
45,Male,African-American,1,M,1,0
25,Male,African-American,8,M,8,1
52,Male,African-American,2,M,1,0
30,Male,Caucasian,0,F,1,0
26,Female,Hispanic,0,M,3,0
34,Male,Other,0,F,2,1
38,Male,African-American,2,M,4,1
23,Male,African-American,4,F,7,1
30,Male,Hispanic,0,M,1,0
22,Female,African-American,0,F,6,0
35,Male,African-American,6,F,3,0
24,Male,African-American,0,F,7,1
35,Male,African-American,1,M,6,0
25,Male,African-American,2,F,6,0
58,Male,Caucasian,3,M,2,0
27,Male,African-American,7,F,4,1
24,Male,African-American,6,F,9,1
33,Male,Caucasian,2,M,2,0
44,Male,Caucasian,4,F,3,0
30,Male,African-American,3,F,5,0
39,Female,Hispanic,2,F,2,0
28,Male,Caucasian,0,F,3,0
34,Male,African-American,1,F,2,0
26,Male,African-American,1,F,8,1
23,Male,African-American,0,F,2,0
29,Male,Caucasian,11,F,8,1
31,Male,African-American,0,M,4,0
38,Male,Other,1,F,1,0
30,Male,African-American,14,F,8,1
21,Male,Caucasian,2,F,4,1
44,Male,African-American,0,F,1,0
52,Male,African-American,0,F,1,0
30,Male,African-American,6,F,5,1
31,Male,African-American,9,F,8,1
21,Female,African-American,2,F,6,0
77,Male,Caucasian,1,M,1,0
61,Male,Caucasian,4,F,6,0
41,Female,African-American,0,M,1,0
24,Female,Caucasian,0,M,5,0
34,Female,African-American,5,F,3,0
27,Male,Hispanic,1,F,3,0
25,Male,African-American,6,M,7,1
30,Male,African-American,1,F,1,0
59,Male,Hispanic,0,F,1,0
55,Male,Caucasian,1,F,1,1
32,Male,Caucasian,0,F,6,1
53,Male,African-American,5,M,2,0
50,Male,Caucasian,1,M,2,0
26,Male,Other,1,F,4,1
21,Male,Hispanic,2,F,5,1
36,Male,African-American,7,F,6,1
35,Male,African-American,16,F,8,1
25,Female,Caucasian,0,M,3,0
31,Female,Caucasian,2,M,6,0
26,Female,African-American,1,F,5,0
25,Male,Caucasian,0,M,2,0
32,Male,African-American,0,M,1,0
40,Male,Caucasian,5,F,3,0
35,Male,African-American,0,F,3,0
27,Male,African-American,2,F,3,0
33,Male,African-American,12,F,9,1
36,Male,Asian,1,F,1,0
30,Male,Caucasian,2,F,2,0
30,Male,African-American,0,F,4,0
41,Male,African-American,19,F,8,0
29,Female,Caucasian,0,F,7,0
25,Male,Caucasian,0,F,5,0
50,Male,Caucasian,0,F,1,0
35,Male,Caucasian,4,F,2,0
37,Male,African-American,17,F,9,1
43,Male,African-American,4,F,1,1
29,Male,Caucasian,12,M,6,1
61,Female,Caucasian,0,F,1,0
22,Female,African-American,4,F,9,1
27,Male,Caucasian,2,F,4,1
34,Female,African-American,1,M,2,0
24,Male,Other,0,F,6,0
20,Female,African-American,0,M,7,1
30,Male,African-American,0,M,1,0
43,Female,African-American,0,M,1,0
51,Male,Caucasian,4,F,1,1
37,Male,Hispanic,9,F,5,0
42,Male,African-American,7,F,9,1
29,Female,Hispanic,1,F,4,0
24,Female,Caucasian,0,M,6,0
36,Male,Caucasian,12,F,1,0
39,Male,Caucasian,0,F,1,1
32,Male,African-American,2,M,5,0
38,Male,African-American,0,M,1,0
27,Female,African-American,8,F,6,0
30,Female,Caucasian,0,F,6,1
43,Female,Caucasian,0,M,2,1
30,Male,African-American,8,M,9,1
26,Female,Caucasian,1,M,4,0
37,Male,Caucasian,3,F,4,0
25,Male,Caucasian,5,F,9,1
65,Male,Caucasian,1,F,3,1
52,Male,Other,0,F,5,1
29,Male,Caucasian,1,F,1,0
32,Male,Caucasian,3,F,5,0
36,Male,Hispanic,0,M,1,1
21,Male,African-American,8,F,9,1
21,Male,Caucasian,1,F,3,0
47,Male,Caucasian,13,M,4,1
36,Female,African-American,4,F,2,0
25,Female,African-American,6,F,7,1
32,Male,Caucasian,4,M,2,1
43,Male,Caucasian,1,F,1,0
27,Male,African-American,2,F,6,0
26,Male,African-American,8,M,4,1
21,Male,African-American,1,F,3,0
34,Male,Asian,0,M,2,0
46,Male,Hispanic,1,M,1,0
40,Male,African-American,23,M,6,1
38,Male,Caucasian,3,M,3,0
41,Male,African-American,7,F,9,0
25,Male,Caucasian,7,F,10,1
21,Male,Caucasian,1,F,4,0
74,Female,Caucasian,0,M,1,0
41,Male,Caucasian,5,M,4,1
27,Female,Hispanic,0,M,3,0
30,Male,African-American,1,M,2,0
33,Female,Caucasian,3,F,6,1
24,Male,Caucasian,2,M,2,0
52,Male,Asian,0,F,1,0
29,Female,Caucasian,0,M,6,0
42,Female,Caucasian,0,F,2,1
30,Female,Caucasian,1,F,2,0
33,Male,African-American,0,F,5,0
38,Male,Hispanic,1,F,1,0
21,Male,African-American,2,F,6,1
41,Female,Caucasian,9,M,4,1
28,Female,African-American,5,M,8,0
52,Female,African-American,3,F,1,0
21,Male,Hispanic,1,F,8,0
22,Female,Hispanic,1,F,5,0
32,Male,Hispanic,3,F,3,0
25,Male,African-American,0,F,2,1
27,Female,African-American,0,M,3,0
35,Male,Caucasian,0,F,2,0
40,Male,African-American,2,M,3,0
29,Female,Other,0,F,3,0
24,Male,African-American,2,M,9,1
24,Male,African-American,10,F,10,1
36,Male,Hispanic,26,F,10,1
26,Male,Hispanic,5,F,3,0
50,Male,Caucasian,1,F,2,0
21,Male,African-American,1,F,7,1
51,Male,Hispanic,0,M,1,0
24,Male,African-American,2,F,5,1
29,Male,African-American,3,M,1,0
25,Female,Caucasian,0,M,4,0
38,Male,African-American,0,F,3,1
46,Male,Caucasian,1,F,3,0
33,Male,African-American,9,M,7,1
31,Male,Hispanic,19,F,7,1
21,Male,Other,0,M,4,0
60,Male,Other,1,M,1,1
39,Female,African-American,3,F,5,1
35,Male,African-American,4,F,4,0
49,Male,Caucasian,12,F,2,1
26,Male,Other,1,M,4,0
27,Male,Caucasian,0,M,5,0
22,Male,African-American,2,F,6,0
29,Female,African-American,0,F,4,1
31,Male,African-American,0,M,9,0
31,Male,Hispanic,5,F,6,1
29,Female,Hispanic,0,F,3,0
65,Female,Caucasian,0,F,1,0
34,Female,Hispanic,1,M,3,0
24,Male,Caucasian,6,F,10,0
46,Male,African-American,0,M,2,0
20,Male,African-American,0,F,4,1
29,Male,African-American,16,F,10,1
29,Male,African-American,7,F,3,0
56,Female,Caucasian,3,F,1,0
21,Male,African-American,0,F,4,0
40,Male,African-American,0,F,10,1
22,Male,African-American,2,M,9,1
39,Male,Caucasian,0,M,1,0
22,Male,African-American,1,F,8,1
27,Female,Other,5,F,6,1
36,Male,Caucasian,1,F,2,0
30,Male,African-American,0,F,1,0
36,Male,African-American,0,M,6,0
32,Male,African-American,0,F,1,0
34,Female,African-American,5,F,9,1
23,Male,Other,0,M,3,0
52,Male,Caucasian,0,M,1,0
20,Male,Caucasian,1,F,10,1
38,Male,African-American,5,M,4,0
46,Male,Caucasian,0,M,1,0
27,Male,African-American,0,F,4,1
20,Male,African-American,2,F,3,1
29,Female,Caucasian,1,F,2,1
35,Female,African-American,7,F,2,1
37,Male,Caucasian,1,M,1,1
63,Male,Caucasian,0,F,1,0
27,Male,African-American,1,F,4,1
27,Male,African-American,0,F,5,0
24,Male,African-American,2,M,6,1
30,Male,Hispanic,1,F,2,1
25,Male,Caucasian,4,F,10,1
27,Male,African-American,0,M,1,0
48,Female,African-American,0,M,5,0
26,Female,African-American,1,M,4,0
58,Male,Other,0,F,1,0
23,Male,Caucasian,1,F,5,1
22,Male,Caucasian,3,M,4,1
41,Male,African-American,0,F,1,0
21,Male,African-American,0,F,7,0
26,Male,Other,0,M,2,0
39,Female,African-American,3,M,6,0
46,Male,Caucasian,0,M,1,0
33,Male,Other,7,F,8,1
36,Male,African-American,2,F,4,1
20,Male,Native American,1,F,9,1
32,Male,Caucasian,0,M,3,0
38,Male,African-American,17,M,4,1
64,Male,Hispanic,1,M,1,0
22,Male,African-American,1,F,5,1
69,Male,Caucasian,0,M,1,1
26,Male,African-American,2,F,4,0
27,Female,African-American,1,M,6,1
22,Male,African-American,2,F,8,0
43,Female,Caucasian,0,F,1,0
55,Female,Caucasian,0,M,1,0
34,Male,Hispanic,0,M,1,0
20,Male,African-American,1,F,2,0
22,Male,African-American,1,M,7,1
33,Male,Caucasian,9,F,9,1
55,Male,Caucasian,7,F,8,0
22,Male,African-American,1,F,6,0
55,Male,African-American,1,F,1,0
43,Female,Caucasian,0,F,1,1
21,Male,African-American,0,F,10,1
23,Male,African-American,0,F,2,0
28,Female,Caucasian,1,M,5,0
45,Male,Other,0,F,1,0
39,Male,African-American,1,F,1,0
79,Male,Caucasian,1,M,1,0
48,Male,Caucasian,1,F,1,0
20,Male,Hispanic,2,F,8,1
31,Male,African-American,5,M,8,0
30,Male,Caucasian,4,M,5,1
32,Male,African-American,5,F,4,1
56,Male,Caucasian,1,M,1,0
43,Male,African-American,2,M,1,0
20,Male,Hispanic,0,F,3,0
27,Male,African-American,21,F,7,1
41,Male,African-American,0,M,6,0
24,Male,Other,1,F,3,0
43,Male,African-American,3,M,1,1
33,Female,African-American,1,F,1,0
22,Male,African-American,0,F,3,0
34,Male,African-American,3,F,1,0
36,Male,Caucasian,0,M,1,0
69,Male,Caucasian,0,F,5,0
32,Male,Caucasian,5,F,5,1
22,Male,African-American,1,F,7,1
46,Male,Caucasian,0,F,5,0
34,Male,Caucasian,1,M,5,0
32,Female,Hispanic,0,M,1,0
39,Male,African-American,0,M,1,0
25,Male,African-American,6,M,7,1
21,Female,Hispanic,0,M,4,1
63,Male,African-American,9,F,6,1
24,Male,Caucasian,8,F,4,1
29,Male,Caucasian,2,M,5,0
20,Male,African-American,3,F,8,1
40,Female,Caucasian,0,M,5,0
30,Male,African-American,7,F,8,1
50,Male,Caucasian,5,F,7,0
37,Male,African-American,4,M,7,1
34,Male,African-American,1,F,7,0
35,Female,Hispanic,0,F,2,0
31,Female,African-American,1,M,2,1
23,Male,Caucasian,10,F,7,0
22,Male,Hispanic,0,F,4,1
37,Male,Caucasian,2,F,1,1
20,Male,Other,0,F,4,0
26,Male,Caucasian,2,F,5,0
34,Male,African-American,12,F,9,1
59,Male,Caucasian,2,M,1,1
37,Male,Caucasian,2,M,2,0
38,Male,Other,0,F,1,1
45,Male,Caucasian,1,F,1,1
22,Male,African-American,1,F,8,0
24,Male,African-American,3,F,8,1
25,Male,African-American,5,F,5,0
24,Male,African-American,6,F,6,1
20,Male,African-American,1,M,4,1
32,Female,Caucasian,2,F,2,1
49,Male,African-American,3,F,8,1
31,Male,Caucasian,11,F,7,1
58,Male,Caucasian,7,F,7,1
50,Male,Hispanic,2,M,1,0
26,Male,African-American,11,F,7,1
20,Male,African-American,1,F,6,0
51,Male,Caucasian,1,M,2,1
30,Male,African-American,2,M,2,0
39,Male,Other,0,M,1,0
26,Male,African-American,2,F,6,0
20,Male,Other,0,M,5,0
26,Female,Caucasian,0,F,5,0
26,Male,African-American,5,F,4,0
20,Male,Caucasian,0,F,2,0
28,Male,African-American,0,F,3,1
23,Male,African-American,1,M,2,1
21,Female,African-American,0,M,5,0
25,Male,Other,0,F,9,1
30,Male,Caucasian,0,F,3,0
21,Male,Caucasian,2,F,9,1
20,Male,Caucasian,1,F,7,1
24,Male,Caucasian,5,F,6,1
35,Male,African-American,22,F,10,1
27,Female,Other,0,F,3,1
50,Male,Caucasian,2,F,2,1
25,Male,African-American,5,M,9,0
31,Male,African-American,12,M,8,1
26,Male,African-American,0,F,9,0
22,Male,African-American,0,F,4,0
29,Male,African-American,0,F,3,0
33,Male,Other,2,F,1,1
52,Male,Caucasian,1,F,1,0
37,Male,Hispanic,0,M,1,1
21,Male,African-American,0,F,7,0
21,Male,Caucasian,1,F,8,0
20,Female,Caucasian,0,F,8,1
43,Male,Hispanic,1,M,1,1
30,Male,Caucasian,1,F,1,1
33,Female,African-American,3,M,4,1
24,Male,African-American,3,F,7,0
52,Female,Hispanic,0,M,1,1
30,Female,African-American,11,F,7,1
30,Female,Caucasian,0,M,2,0
47,Male,African-American,13,F,2,1
41,Male,African-American,9,M,9,0
21,Male,Hispanic,4,F,10,1
48,Male,Caucasian,6,F,2,0
52,Male,African-American,2,F,9,1
34,Female,African-American,1,M,1,0
35,Male,Caucasian,0,F,3,1
25,Male,Other,1,F,4,1
24,Male,African-American,1,F,2,1
25,Male,African-American,1,M,2,0
34,Male,African-American,20,F,9,1
25,Male,African-American,2,F,4,1
24,Male,Hispanic,4,F,6,1
56,Male,Caucasian,6,F,1,0
23,Male,African-American,0,F,4,0
21,Male,Caucasian,0,M,4,0
66,Male,Caucasian,0,M,1,0
28,Male,African-American,7,M,7,0
29,Male,Caucasian,0,M,1,0
22,Male,Caucasian,3,F,7,1
39,Male,Caucasian,0,F,1,0
33,Male,African-American,9,M,8,1
29,Male,Caucasian,2,F,1,1
31,Male,Caucasian,1,F,2,0
22,Male,African-American,0,M,8,0
22,Female,Caucasian,0,M,5,0
35,Male,Caucasian,3,F,4,0
29,Male,Caucasian,3,F,4,1
56,Male,Caucasian,1,F,1,0
34,Female,African-American,0,F,1,0
23,Male,African-American,1,F,4,1
27,Male,African-American,1,F,5,1
43,Male,Caucasian,2,F,1,0
38,Male,Caucasian,0,F,1,0
39,Male,Caucasian,3,F,3,0
24,Male,African-American,1,F,3,1
26,Male,African-American,2,M,3,0
55,Female,Caucasian,0,M,1,0
35,Male,African-American,1,F,6,1
61,Male,African-American,25,F,7,0
33,Male,Other,0,M,1,0
40,Male,Caucasian,4,F,7,0
33,Male,African-American,3,F,2,0
26,Male,Caucasian,0,F,6,1
32,Male,Caucasian,15,F,9,1
28,Male,African-American,0,F,2,0
45,Male,Caucasian,0,M,1,0
30,Male,Caucasian,0,F,9,1
57,Female,Caucasian,4,F,2,0
26,Male,African-American,3,F,7,1
35,Male,African-American,1,F,8,0
54,Male,Hispanic,0,F,1,0
29,Female,African-American,0,F,5,0
40,Female,Caucasian,0,M,2,0
28,Male,Caucasian,1,F,2,1
25,Female,African-American,0,M,2,0
44,Male,African-American,3,M,6,0
23,Male,Caucasian,4,F,4,1
29,Male,African-American,0,F,2,0
56,Male,Caucasian,0,M,1,0
27,Female,African-American,0,M,3,0
29,Female,Caucasian,0,M,7,0
34,Female,Caucasian,4,M,4,0
22,Female,African-American,0,F,7,0
40,Male,Caucasian,5,F,1,1
31,Male,Caucasian,0,F,1,0
47,Male,African-American,3,F,2,0
24,Male,African-American,8,F,7,1
39,Male,African-American,4,F,9,0
29,Male,African-American,10,F,6,1
30,Male,Hispanic,2,F,2,0
26,Female,African-American,4,F,9,1
61,Male,African-American,2,M,8,0
37,Male,Hispanic,3,M,4,0
38,Male,Other,1,F,1,1
30,Male,African-American,0,M,9,0
20,Male,African-American,0,M,5,1
56,Male,African-American,22,F,9,1
50,Female,Caucasian,3,F,3,1
47,Male,Other,0,F,1,0
30,Male,African-American,10,F,6,1
59,Male,African-American,1,M,1,0
20,Male,African-American,1,F,10,1
23,Male,Caucasian,4,M,9,1
28,Female,Caucasian,2,F,6,1
50,Male,Hispanic,3,F,9,1
35,Male,Caucasian,3,M,5,1
22,Male,African-American,1,F,9,1
41,Female,Hispanic,0,F,1,0
22,Male,African-American,0,F,7,0
61,Male,African-American,8,F,2,1
26,Male,African-American,5,F,4,0
44,Male,Caucasian,1,F,5,0
34,Female,African-American,0,M,1,1
29,Male,Caucasian,1,F,2,1
29,Male,African-American,8,M,9,0
48,Male,African-American,5,F,4,1
31,Female,African-American,0,M,6,0
21,Male,Caucasian,2,F,6,0
34,Male,Caucasian,4,F,5,0
54,Male,African-American,21,F,6,0
20,Male,Caucasian,4,F,10,0
31,Male,Caucasian,1,F,3,1
22,Male,Caucasian,0,M,4,0
36,Male,African-American,6,M,4,0
34,Male,African-American,9,F,7,1
50,Male,African-American,15,M,8,0
47,Male,Native American,22,F,10,1
49,Female,Other,0,M,1,0
31,Male,African-American,1,M,4,0
49,Male,African-American,10,F,3,1
21,Male,African-American,2,F,9,0
26,Female,African-American,5,F,7,1
29,Male,Other,0,F,2,0
61,Male,Hispanic,0,F,1,0
25,Female,Caucasian,2,F,9,1
38,Male,Caucasian,5,F,4,0
35,Male,Caucasian,2,M,1,0
55,Male,Other,8,F,1,1
32,Male,African-American,4,F,4,1
29,Male,Caucasian,1,F,2,0
46,Male,Caucasian,0,F,1,0
53,Male,Caucasian,1,M,5,0
27,Female,Caucasian,1,F,5,1
29,Male,Caucasian,4,F,8,0
26,Male,Other,0,F,1,1
23,Male,African-American,3,M,2,1
43,Male,Hispanic,3,M,3,1
24,Male,Caucasian,1,M,2,0
33,Male,African-American,18,F,10,1
32,Male,African-American,1,M,6,1
38,Female,African-American,7,F,10,1
40,Male,African-American,20,F,7,0
36,Female,African-American,1,M,1,0
34,Male,African-American,16,F,9,1
41,Male,Caucasian,1,M,2,1
57,Male,Caucasian,7,F,1,0
26,Male,African-American,1,F,5,0
45,Male,African-American,0,F,3,1
26,Male,African-American,2,F,3,0
48,Female,Caucasian,0,F,1,0
52,Male,Caucasian,7,M,2,0
22,Male,Hispanic,2,F,3,1
43,Female,African-American,0,M,1,0
24,Male,Caucasian,3,F,5,0
27,Male,African-American,11,F,7,1
23,Male,Hispanic,2,F,9,0
28,Male,African-American,2,F,6,1
21,Male,African-American,0,F,5,0
33,Male,African-American,5,M,9,1
25,Male,African-American,1,F,8,1
36,Male,African-American,17,F,8,1
25,Female,Caucasian,0,F,5,0
46,Male,Caucasian,0,M,5,0
24,Female,African-American,0,F,7,0
28,Male,African-American,4,F,7,1
28,Male,African-American,12,M,7,1
23,Male,African-American,0,M,3,1
24,Male,Other,0,M,3,0
40,Male,Hispanic,0,M,3,0
36,Male,Hispanic,1,M,2,0
50,Male,Caucasian,1,M,6,1
24,Male,Caucasian,0,M,2,0
55,Female,African-American,2,F,1,0
22,Male,African-American,0,F,7,1
38,Male,African-American,14,F,7,0
31,Male,African-American,1,F,1,0
30,Female,African-American,3,F,2,0
37,Male,African-American,16,F,8,1
41,Female,Caucasian,1,M,2,0
20,Male,African-American,0,F,5,1
21,Male,Caucasian,0,M,4,1
22,Male,Caucasian,1,M,5,0
38,Male,African-American,7,M,6,0
31,Male,African-American,0,F,5,0
28,Male,Caucasian,0,F,7,0
21,Male,Hispanic,2,F,7,1
39,Male,African-American,1,F,8,0
34,Male,African-American,22,F,7,1
45,Male,Hispanic,0,M,1,0
24,Male,African-American,0,M,9,1
27,Male,African-American,9,F,7,1
30,Male,Hispanic,0,F,1,0
43,Male,African-American,2,F,1,0
26,Male,African-American,1,F,4,0
32,Male,African-American,7,F,2,0
57,Female,Caucasian,2,F,1,0
40,Female,Caucasian,0,M,1,0
33,Male,Caucasian,6,F,6,1
30,Male,African-American,2,F,5,1
29,Male,Caucasian,1,M,10,0
36,Male,African-American,2,M,2,0
35,Male,African-American,6,F,8,1
49,Male,Hispanic,0,M,2,0
26,Male,Hispanic,5,F,9,1
21,Male,African-American,2,F,5,1
49,Male,African-American,29,F,6,1
37,Female,African-American,23,M,8,1
33,Male,Hispanic,0,M,2,0
29,Male,African-American,3,F,2,1
25,Male,African-American,1,F,5,1
20,Male,African-American,2,F,8,1
55,Male,African-American,5,F,4,0
26,Male,Caucasian,0,M,4,0
52,Female,Caucasian,6,F,1,0
52,Male,African-American,16,F,8,1
27,Male,Hispanic,1,F,7,1
60,Male,Caucasian,2,M,2,0
44,Male,Caucasian,0,M,2,0
30,Male,Hispanic,1,F,2,0
25,Female,African-American,2,M,4,0
20,Female,Caucasian,4,F,8,1
28,Male,Caucasian,3,F,7,1
22,Male,Caucasian,1,F,6,0
24,Male,Caucasian,1,F,8,1
28,Female,African-American,0,F,3,0
35,Male,African-American,10,F,6,1
30,Male,Caucasian,0,M,1,0
22,Male,African-American,0,F,3,1
39,Male,African-American,9,F,5,0
46,Female,Other,1,F,1,0
47,Male,Other,3,M,2,0
26,Male,African-American,5,M,7,0
23,Female,African-American,0,F,3,0
52,Female,African-American,0,F,7,1
22,Female,African-American,0,M,5,1
54,Male,Caucasian,0,F,2,0
50,Male,African-American,2,M,6,0
20,Male,African-American,2,F,5,1
25,Male,Caucasian,1,F,3,0
46,Female,Caucasian,0,F,1,0
22,Male,Caucasian,0,M,4,0
38,Male,Caucasian,10,F,4,1
36,Female,Hispanic,9,F,1,1
34,Female,African-American,5,F,2,1
18,Male,African-American,4,F,5,1
26,Female,Caucasian,3,F,6,1
23,Female,Caucasian,0,F,6,0
32,Female,Hispanic,8,M,5,1
44,Male,Caucasian,1,M,1,1
53,Male,Caucasian,9,F,4,1
27,Male,African-American,4,F,4,1
25,Male,Caucasian,2,F,6,0
19,Male,Caucasian,1,F,10,1
53,Male,Caucasian,0,F,2,0
39,Male,African-American,0,M,3,0
37,Male,Other,2,F,4,1
27,Male,African-American,6,F,8,1
21,Female,African-American,2,F,10,1
24,Female,African-American,7,F,9,0
33,Male,Caucasian,0,M,1,0
24,Female,Caucasian,1,M,4,0
46,Male,Caucasian,1,F,1,0
32,Male,Hispanic,7,F,7,0
24,Male,Hispanic,2,F,3,0
38,Female,Caucasian,0,F,1,0
30,Male,African-American,13,F,10,1
26,Male,African-American,27,M,9,1
57,Male,Caucasian,2,F,1,0
43,Male,Caucasian,0,F,1,0
22,Male,African-American,0,M,6,0
28,Female,African-American,9,M,9,1
51,Male,Caucasian,3,F,4,0
41,Male,Hispanic,3,F,1,0
24,Male,Caucasian,1,F,7,0
48,Male,African-American,3,F,2,1
26,Male,Caucasian,0,M,3,1
31,Male,African-American,6,F,2,1
27,Male,African-American,6,M,10,0
25,Male,African-American,0,M,4,0
56,Male,Caucasian,3,M,3,0
29,Female,African-American,1,M,4,0
30,Female,Caucasian,3,F,3,1
21,Male,African-American,0,F,8,0
22,Male,Caucasian,1,F,4,1
28,Female,African-American,0,M,2,0
35,Male,African-American,2,F,1,0
23,Male,Caucasian,0,F,2,0
48,Male,African-American,4,F,8,0
22,Male,Caucasian,4,M,8,1
37,Male,African-American,2,F,9,0
33,Male,African-American,0,F,1,0
23,Male,African-American,5,F,7,1
22,Male,African-American,0,M,7,1
24,Male,African-American,0,F,4,0
44,Male,African-American,2,M,7,0
26,Female,African-American,0,M,2,0
29,Male,African-American,2,F,6,0
26,Male,Hispanic,0,F,2,0
30,Male,Caucasian,1,M,1,0
23,Male,African-American,1,F,6,1
42,Male,Other,1,F,2,0
28,Female,African-American,0,F,3,1
20,Male,African-American,0,F,3,0
24,Female,Caucasian,7,M,7,0
36,Female,Other,6,F,7,1
37,Male,African-American,6,F,2,1
21,Female,African-American,1,F,9,0
27,Male,African-American,8,F,5,1
26,Male,African-American,2,F,4,1
42,Male,Caucasian,0,M,1,0
23,Male,African-American,8,F,10,1
55,Female,Caucasian,0,M,1,0
24,Male,Caucasian,1,F,6,1
23,Male,African-American,0,M,4,0
64,Female,African-American,0,F,1,0
48,Male,Other,0,M,1,0
39,Female,African-American,0,F,5,1
30,Male,Caucasian,0,M,2,0
22,Female,African-American,1,M,4,0
20,Male,African-American,2,F,6,1
21,Male,African-American,0,F,4,1
24,Male,Caucasian,0,F,4,0
30,Male,African-American,3,M,7,0
51,Male,African-American,12,F,8,1
21,Male,African-American,1,F,10,1
31,Male,African-American,1,F,10,0
23,Male,African-American,2,M,7,1
23,Male,Hispanic,0,M,7,0
32,Male,African-American,4,F,4,1
28,Male,African-American,11,F,6,1
24,Male,African-American,0,F,2,0
19,Female,African-American,1,F,4,1
31,Male,Other,1,M,1,0
29,Male,African-American,3,F,4,1
41,Male,African-American,6,F,6,1
28,Male,African-American,4,M,3,1
29,Male,Caucasian,6,F,4,1
49,Male,Caucasian,0,F,5,0
42,Male,Caucasian,0,M,1,0
38,Male,African-American,4,M,2,0
22,Male,African-American,3,F,6,1
46,Male,Caucasian,0,M,2,1
38,Male,African-American,0,F,3,1
36,Male,African-American,0,F,6,0
22,Male,Caucasian,6,F,9,1
29,Male,African-American,11,M,10,0
39,Male,African-American,2,M,2,0
47,Male,Caucasian,0,M,2,0
26,Male,African-American,7,F,10,1
21,Female,African-American,0,F,5,1
63,Male,African-American,2,M,1,0
27,Male,African-American,2,F,2,1
55,Male,Caucasian,27,M,5,0
54,Male,Other,2,M,2,1
26,Male,Caucasian,0,F,5,1
37,Male,Caucasian,1,M,2,0
34,Male,African-American,0,F,1,0
48,Female,Hispanic,4,F,1,1
25,Male,African-American,2,F,7,1
57,Male,Other,0,F,1,0
21,Male,Hispanic,0,F,3,1
32,Male,African-American,8,F,9,0
25,Female,African-American,5,F,9,1
33,Female,African-American,2,F,3,1
26,Male,African-American,2,F,5,1
29,Male,African-American,2,M,4,0
28,Male,Caucasian,6,M,4,1
53,Male,African-American,20,F,5,0
57,Male,Hispanic,1,M,1,0
27,Male,Caucasian,0,F,2,0
48,Male,Caucasian,0,F,2,0
29,Male,Hispanic,0,M,2,1
25,Male,Caucasian,1,M,4,1
67,Male,Caucasian,0,F,1,0
29,Male,African-American,2,M,5,0
53,Female,African-American,3,F,2,0
49,Male,African-American,0,F,1,0
44,Female,Caucasian,0,M,1,0
55,Female,Hispanic,0,F,1,0
26,Male,African-American,10,F,8,1
46,Male,African-American,0,M,1,0
30,Male,Caucasian,1,F,3,1
48,Female,African-American,0,F,6,1
77,Male,African-American,1,M,1,1
21,Male,African-American,2,F,10,1
54,Male,African-American,4,F,3,1
54,Male,Caucasian,3,F,2,0
26,Male,African-American,15,F,9,0
23,Male,African-American,8,F,9,1
39,Male,Caucasian,2,F,2,0
35,Male,Hispanic,13,F,7,0
29,Male,African-American,1,M,1,1
30,Male,African-American,9,M,4,1
41,Male,African-American,6,F,3,0
32,Male,African-American,1,M,10,0
48,Male,African-American,12,M,6,0
52,Male,African-American,0,M,6,1
31,Male,African-American,3,F,1,1
22,Male,Caucasian,1,F,5,1
46,Female,Caucasian,0,M,1,0
29,Male,African-American,7,F,4,1
22,Female,African-American,0,F,7,0
39,Male,African-American,8,F,4,0
35,Male,African-American,9,F,6,0
26,Male,African-American,1,M,1,0
27,Male,African-American,1,F,2,0
27,Male,African-American,5,F,10,1
34,Female,Caucasian,10,F,9,1
32,Female,African-American,0,M,1,1
25,Male,African-American,5,F,9,1
22,Male,Caucasian,2,M,5,1
52,Male,African-American,7,F,9,1
21,Male,African-American,2,F,10,1
28,Male,African-American,11,F,9,1
26,Male,Hispanic,0,F,6,0
23,Male,Caucasian,4,M,4,1
31,Male,African-American,1,M,1,0
34,Male,Caucasian,1,M,5,0
32,Male,African-American,0,M,4,0
50,Female,Caucasian,0,M,3,1
27,Male,African-American,1,M,5,0
26,Female,African-American,4,F,3,0
27,Male,African-American,4,F,5,1
29,Male,Caucasian,0,F,3,1
58,Male,African-American,0,M,1,0
27,Male,African-American,14,F,10,1
28,Male,African-American,5,F,5,1
24,Male,African-American,15,F,10,1
50,Male,Caucasian,0,M,1,0
30,Female,African-American,15,F,9,1
46,Male,Hispanic,0,F,1,0
43,Male,Caucasian,0,F,1,1
24,Male,Caucasian,0,F,2,1
34,Male,African-American,10,F,7,0
26,Male,Caucasian,2,F,2,0
31,Male,Caucasian,0,F,1,0
23,Male,African-American,1,F,3,1
39,Male,African-American,0,F,1,0
50,Male,African-American,4,F,1,1
22,Female,African-American,0,M,6,0
25,Female,African-American,0,M,2,0
21,Female,African-American,2,F,9,0
20,Male,Caucasian,1,F,4,0
54,Male,African-American,12,M,5,1
27,Female,African-American,2,F,6,1
45,Male,Caucasian,5,F,5,1
34,Male,African-American,13,F,7,1
55,Female,Caucasian,0,F,1,0
24,Male,African-American,0,M,2,0
20,Male,African-American,0,F,10,1
37,Male,African-American,5,M,5,1
34,Female,Caucasian,1,M,1,0
41,Female,African-American,2,F,6,1
21,Male,African-American,1,F,6,1
22,Male,African-American,3,F,3,1
24,Male,African-American,0,F,8,0
42,Male,Caucasian,8,F,4,0
23,Female,African-American,0,M,4,1
20,Male,Caucasian,0,M,4,0
44,Female,Caucasian,0,F,1,1
20,Male,African-American,0,M,4,0
27,Male,African-American,5,M,5,0
20,Male,Caucasian,0,M,10,1
20,Male,African-American,0,F,6,0
28,Male,Caucasian,1,F,4,1
29,Male,African-American,9,F,7,1
21,Male,African-American,0,F,9,1
24,Female,African-American,2,F,6,1
21,Male,Other,0,F,4,1
24,Female,African-American,0,F,5,0
23,Male,African-American,3,F,5,1
27,Male,Caucasian,0,F,4,0
24,Male,Caucasian,0,F,4,0
31,Male,African-American,6,M,6,1
22,Male,African-American,0,F,4,1
54,Male,Caucasian,0,F,1,0
35,Female,African-American,7,F,6,1
53,Female,African-American,0,F,5,0
26,Male,African-American,9,M,4,1
48,Male,African-American,7,M,4,1
56,Female,African-American,2,M,1,1
25,Male,African-American,6,F,7,1
49,Female,Caucasian,0,F,1,0
34,Male,Caucasian,0,M,2,1
21,Male,African-American,0,M,6,1
23,Male,Caucasian,0,F,6,1
57,Male,Caucasian,0,F,1,0
25,Male,Caucasian,5,F,10,1
42,Female,African-American,1,F,5,0
51,Male,African-American,1,F,5,0
31,Male,Other,5,M,2,0
53,Male,African-American,13,M,5,0
43,Female,African-American,6,F,7,0
34,Male,African-American,0,F,1,0
27,Female,Caucasian,2,F,5,1
51,Male,African-American,0,M,1,0
26,Male,Caucasian,1,M,4,0
47,Male,African-American,5,F,6,0
22,Male,Caucasian,0,F,4,0
36,Female,Caucasian,0,F,2,0
36,Female,Hispanic,1,M,3,0
41,Male,Caucasian,4,F,3,1
25,Male,African-American,6,M,6,0
31,Female,Hispanic,2,F,3,1
33,Male,Caucasian,0,M,1,0
44,Female,Caucasian,3,F,2,1
46,Male,Caucasian,0,F,2,1
28,Female,African-American,1,F,2,0
28,Male,African-American,5,F,5,1
66,Male,African-American,5,F,2,1
20,Male,Caucasian,0,M,3,0
27,Male,African-American,2,F,3,0
24,Female,Other,0,F,4,0
25,Male,African-American,3,F,3,1
39,Female,African-American,1,F,5,0
41,Female,African-American,7,F,4,1
26,Male,African-American,0,F,2,0
25,Male,African-American,2,M,5,1
55,Male,Hispanic,0,M,1,0
22,Male,African-American,2,F,9,1
29,Female,Other,2,M,2,1
25,Male,African-American,7,F,9,1
50,Male,Hispanic,5,F,1,1
20,Female,Caucasian,0,M,6,1
56,Male,Caucasian,5,M,7,0
25,Male,African-American,5,F,8,1
48,Female,African-American,1,F,1,0
21,Male,African-American,1,F,9,0
31,Male,Caucasian,2,M,1,1
35,Male,Caucasian,0,M,2,0
25,Male,Hispanic,6,M,7,1
34,Male,African-American,2,F,3,1
32,Male,African-American,0,F,7,0
31,Female,African-American,1,F,3,1
44,Female,Hispanic,0,M,1,0
31,Male,African-American,11,M,7,1
28,Male,African-American,3,M,2,1
27,Female,African-American,10,F,9,1
24,Male,African-American,0,F,9,1
49,Male,Caucasian,0,F,1,0
40,Female,Caucasian,0,F,2,0
22,Male,African-American,4,M,6,0
28,Male,African-American,5,F,2,1
24,Male,African-American,2,F,6,1
49,Male,Caucasian,1,M,1,0
33,Male,Caucasian,0,M,7,1
44,Male,Caucasian,0,F,7,1
41,Male,African-American,12,F,6,1
46,Male,Caucasian,0,F,1,0
57,Male,African-American,2,M,1,0
32,Male,African-American,0,F,9,0
36,Male,African-American,1,M,9,0
30,Male,African-American,1,M,8,0
28,Male,African-American,0,M,2,0
31,Male,Caucasian,3,M,4,1
29,Male,African-American,8,F,10,1
21,Male,African-American,1,M,5,0
23,Male,African-American,5,F,8,1
27,Male,Other,0,M,1,0
25,Male,Caucasian,4,F,9,0
49,Female,African-American,25,F,10,1
35,Male,Other,2,F,5,0
35,Male,Hispanic,0,F,2,1
25,Female,African-American,1,M,8,1
32,Male,Hispanic,2,M,7,1
35,Male,African-American,9,F,6,0
32,Male,African-American,0,M,9,0
23,Female,African-American,0,M,4,0
23,Male,African-American,4,F,10,0
26,Female,African-American,0,M,8,0
31,Male,African-American,9,F,8,1
22,Male,African-American,0,M,4,1
20,Female,Caucasian,0,F,8,1
24,Male,African-American,1,F,3,0
37,Male,African-American,0,M,7,0
29,Male,African-American,0,F,5,0
34,Male,Other,0,F,2,0
29,Male,African-American,9,F,7,1
49,Male,Caucasian,3,F,1,0
31,Male,African-American,2,F,2,0
59,Male,Caucasian,0,M,1,0
39,Male,African-American,2,M,1,1
23,Male,African-American,1,F,5,0
27,Male,African-American,3,F,1,1
22,Male,African-American,1,F,9,0
21,Male,Caucasian,0,F,9,1
36,Male,African-American,0,F,1,0
30,Male,African-American,10,F,6,1
31,Male,Caucasian,3,M,7,0
29,Female,Hispanic,0,M,3,0
47,Male,Other,5,M,1,1
26,Male,Caucasian,0,F,2,0
24,Male,African-American,0,M,4,0
43,Male,Other,1,F,1,0
27,Male,African-American,11,F,9,0
28,Male,Caucasian,4,F,4,0
33,Female,Other,0,F,2,0
54,Male,Caucasian,3,F,3,1
57,Male,Caucasian,0,M,1,0
30,Male,African-American,2,F,2,0
27,Male,Other,0,M,1,0
31,Female,African-American,4,F,8,0
29,Male,Caucasian,0,F,3,0
29,Female,Hispanic,0,M,2,1
33,Male,Hispanic,2,M,3,0
22,Male,African-American,0,M,4,0
35,Male,African-American,0,M,8,1
29,Male,African-American,2,F,1,1
30,Male,African-American,14,F,7,0
27,Male,African-American,2,F,10,1
63,Female,Caucasian,0,M,1,0
27,Male,African-American,6,F,5,1
34,Male,Other,3,M,2,0
36,Male,Caucasian,0,F,8,1
21,Male,African-American,0,F,8,0
23,Male,Caucasian,1,F,3,0
40,Male,African-American,1,F,3,0
30,Male,African-American,3,M,5,1
41,Male,African-American,1,M,5,0
56,Male,Caucasian,0,M,1,0
23,Male,African-American,1,F,3,1
61,Male,African-American,14,M,2,0
22,Male,Hispanic,0,F,7,1
20,Male,African-American,0,F,6,1
49,Male,Caucasian,2,F,1,1
31,Male,African-American,6,F,6,0
50,Male,African-American,7,F,5,1
31,Female,African-American,3,M,2,1
32,Male,African-American,4,F,10,0
44,Male,African-American,0,F,1,1
56,Male,Other,0,M,1,0
62,Male,African-American,0,M,1,0
43,Male,African-American,3,F,1,1
24,Female,African-American,1,M,4,1
41,Male,African-American,13,F,10,1
23,Male,Caucasian,0,M,5,0
53,Male,Other,0,M,1,0
67,Male,Caucasian,0,M,1,0
38,Male,Hispanic,0,M,1,0
40,Male,Other,1,F,1,0
20,Male,African-American,0,F,6,1
45,Female,Other,1,F,1,0
29,Male,African-American,3,M,8,1
32,Male,Hispanic,0,M,2,0
34,Female,Caucasian,0,F,2,1
39,Female,Other,0,F,1,0
29,Male,African-American,0,F,2,0
46,Male,African-American,4,F,1,0
31,Male,African-American,9,M,8,1
24,Male,African-American,1,M,2,0
28,Male,African-American,1,F,1,1
25,Female,African-American,0,M,4,1
24,Female,African-American,0,M,6,0
29,Male,Other,5,F,6,0
28,Male,Hispanic,3,F,8,1
36,Male,Caucasian,1,F,2,0
25,Male,African-American,2,M,6,0
29,Male,Caucasian,0,F,1,0
26,Female,Caucasian,1,F,9,0
23,Male,African-American,3,F,9,1
20,Male,Other,1,F,10,1
32,Male,African-American,4,F,6,1
29,Male,Hispanic,1,F,1,0
26,Female,Caucasian,0,F,3,0
35,Male,Caucasian,0,M,1,1
23,Male,African-American,0,M,4,1
46,Female,Caucasian,0,M,1,0
41,Male,Caucasian,0,F,1,0
22,Male,Caucasian,0,M,6,1
27,Male,African-American,7,M,7,1
38,Female,Other,0,M,1,0
24,Female,African-American,1,F,6,1
27,Male,African-American,10,F,9,1
22,Male,Caucasian,1,M,7,0
26,Male,African-American,3,M,6,1
26,Male,Caucasian,7,M,6,0
29,Male,Caucasian,3,F,4,1
42,Female,African-American,17,F,10,1
30,Male,African-American,0,M,1,0
34,Male,Caucasian,1,F,5,0
23,Male,Caucasian,3,M,7,0
47,Female,Caucasian,0,M,1,0
55,Male,Caucasian,2,M,1,0
30,Male,Hispanic,0,M,3,0
43,Male,African-American,2,F,7,0
45,Male,African-American,38,F,8,1
30,Male,Hispanic,0,M,1,0
61,Female,Caucasian,15,F,6,0
49,Male,Caucasian,0,F,1,0
49,Male,African-American,1,M,1,0
42,Male,African-American,1,F,1,0
24,Male,African-American,1,M,7,0
51,Male,Caucasian,0,F,1,0
32,Male,Hispanic,6,M,5,1
26,Male,Caucasian,2,F,3,1
28,Male,Caucasian,2,F,2,1
49,Male,African-American,2,F,1,0
56,Male,Caucasian,1,F,2,0
53,Male,Caucasian,8,M,4,0
27,Male,Other,2,M,2,1
34,Male,Hispanic,17,F,6,1
41,Male,Caucasian,3,M,1,0
45,Male,African-American,6,F,4,0
21,Female,African-American,0,F,10,0
27,Male,Caucasian,2,M,4,1
21,Male,African-American,0,F,3,0
31,Male,Caucasian,0,F,1,0
45,Female,Hispanic,0,M,1,0
30,Male,African-American,8,F,6,0
43,Male,Hispanic,1,M,1,1
23,Male,African-American,0,F,4,0
52,Male,Caucasian,1,F,1,0
48,Male,African-American,11,M,4,1
51,Female,African-American,3,M,2,0
30,Male,Caucasian,1,M,2,1
29,Female,African-American,5,F,4,1
44,Female,African-American,0,F,1,0
34,Male,African-American,12,F,6,1
25,Female,Hispanic,0,F,4,0
28,Male,African-American,5,F,7,1
28,Male,African-American,9,F,7,1
37,Male,Other,0,M,1,0
34,Female,Caucasian,0,F,3,0
23,Male,African-American,3,M,7,1
71,Male,Caucasian,3,M,1,0
45,Male,Caucasian,2,M,1,0
33,Female,Native American,5,F,7,1
29,Male,African-American,0,M,1,0
36,Male,Hispanic,5,F,2,0
52,Male,African-American,17,F,7,1
42,Male,Hispanic,1,F,1,1
21,Male,African-American,0,M,5,0
29,Male,Caucasian,2,M,1,0
54,Male,Caucasian,0,M,1,0
27,Male,Caucasian,0,F,2,1
29,Male,Caucasian,1,M,3,0
25,Female,Hispanic,14,F,6,0
62,Male,Other,0,M,1,0
23,Female,African-American,2,M,7,1
22,Male,Other,1,F,4,1
65,Female,Caucasian,1,F,1,0
31,Male,African-American,15,F,6,1
31,Male,Caucasian,0,F,1,0
21,Male,African-American,0,F,9,0
27,Male,African-American,17,F,7,1
33,Male,Caucasian,1,F,2,0
25,Male,African-American,3,F,7,0
39,Male,Caucasian,1,F,1,0
29,Male,African-American,8,M,9,1
27,Male,African-American,15,F,10,1
42,Female,Caucasian,0,F,1,0
21,Male,Caucasian,0,F,9,0
27,Male,African-American,5,M,5,1
36,Male,African-American,2,M,9,1
24,Female,African-American,0,F,4,1
67,Female,Caucasian,0,M,1,0
29,Male,Other,4,F,2,1
39,Male,African-American,3,F,4,1
41,Male,Hispanic,1,M,1,0
25,Female,African-American,1,F,3,0
40,Male,Caucasian,8,F,8,1
37,Male,African-American,4,M,4,1
42,Female,African-American,8,F,8,1
26,Male,African-American,8,F,9,1
23,Male,African-American,1,M,6,0
31,Female,Caucasian,1,M,1,1
26,Male,Caucasian,4,F,7,1
51,Male,Caucasian,2,M,1,1
67,Male,Caucasian,0,M,1,0
27,Male,African-American,10,F,7,0
26,Female,Caucasian,1,M,6,0
55,Male,African-American,3,M,5,1
31,Male,Other,0,F,3,0
28,Male,Caucasian,0,M,4,0
51,Female,Caucasian,0,M,1,0
28,Male,African-American,13,F,8,1
22,Male,African-American,0,F,7,1
26,Male,African-American,2,F,3,1
27,Female,African-American,1,F,3,0
32,Male,African-American,5,M,4,0
36,Male,African-American,11,F,6,1
27,Male,African-American,4,M,6,0
41,Male,Caucasian,1,F,1,1
24,Male,African-American,12,M,10,0
61,Male,African-American,11,F,3,0
29,Female,Caucasian,3,F,3,0
34,Male,Caucasian,11,F,4,0
45,Male,Caucasian,0,F,3,0
21,Male,Caucasian,3,F,10,1
28,Male,African-American,20,F,8,1
31,Male,Caucasian,6,F,4,0
59,Male,Caucasian,0,M,2,1
40,Male,African-American,8,M,4,1
22,Female,Caucasian,1,M,8,0
21,Male,African-American,1,M,4,1
25,Male,Caucasian,2,F,5,1
25,Female,African-American,1,F,5,0
47,Male,African-American,3,M,5,1
21,Male,African-American,5,M,5,1
29,Male,African-American,1,F,5,1
40,Male,Caucasian,4,F,5,1
32,Female,Hispanic,1,F,2,0
39,Male,Caucasian,0,M,1,0
22,Male,Other,3,F,3,0
30,Female,African-American,0,M,5,1
25,Male,Caucasian,0,M,9,0
21,Female,Caucasian,0,M,5,1
25,Male,Caucasian,0,M,2,1
27,Male,African-American,5,M,10,1
45,Male,Caucasian,4,M,1,1
32,Male,African-American,4,F,3,1
22,Male,African-American,0,M,10,1
23,Male,Other,6,F,8,1
44,Female,African-American,6,F,6,0
59,Male,Other,20,F,3,1
23,Male,African-American,0,F,4,0
46,Male,Caucasian,0,F,1,0
33,Male,Caucasian,2,F,4,0
30,Male,Other,1,M,2,1
40,Female,Caucasian,3,F,1,1
54,Male,Caucasian,7,F,3,0
21,Male,Caucasian,0,M,7,0
43,Male,Caucasian,6,M,2,1
22,Male,African-American,0,M,10,0
31,Male,African-American,0,F,7,0
32,Male,African-American,6,F,8,1
27,Male,Hispanic,4,F,2,1
21,Male,African-American,1,M,5,0
23,Male,Caucasian,0,M,6,0
33,Male,African-American,3,M,6,1
64,Male,African-American,0,M,2,0
42,Female,Other,0,F,1,0
20,Male,African-American,0,F,4,0
26,Male,Caucasian,1,M,2,0
30,Male,African-American,18,F,10,1
23,Male,Hispanic,0,M,2,1
23,Male,African-American,10,F,10,1
60,Male,African-American,13,F,6,1
46,Male,African-American,2,F,7,1
56,Male,Caucasian,0,M,1,1
45,Female,African-American,0,F,1,0
26,Male,African-American,4,F,3,1
47,Female,African-American,4,M,6,0
29,Female,African-American,7,F,7,1
32,Male,African-American,9,F,10,0
23,Male,Other,0,F,4,0
29,Male,African-American,10,F,9,1
33,Male,Hispanic,11,F,6,1
22,Male,African-American,1,F,6,1
28,Female,African-American,1,F,2,0
36,Male,Caucasian,0,F,1,0
32,Male,Hispanic,1,F,3,0
24,Male,African-American,0,F,6,0
33,Male,African-American,9,M,9,1
46,Male,African-American,2,M,6,0
31,Male,Caucasian,9,M,8,1
49,Male,Caucasian,3,F,8,1
24,Male,African-American,0,F,3,1
57,Male,African-American,28,F,10,1
36,Male,African-American,14,F,10,1
43,Male,African-American,23,F,7,0
42,Male,African-American,0,M,7,0
32,Male,Caucasian,4,F,10,1
26,Male,Caucasian,1,F,4,0
74,Male,Caucasian,0,M,1,0
24,Male,African-American,3,F,6,1
24,Female,Hispanic,1,M,3,0
22,Male,Other,0,F,3,0
33,Male,African-American,2,M,4,0
22,Male,African-American,1,M,6,1
50,Male,Caucasian,4,M,2,0
28,Female,Caucasian,7,F,6,1
35,Female,African-American,5,F,7,1
33,Male,African-American,0,F,1,1
36,Female,African-American,1,M,2,0
28,Male,African-American,2,F,2,1
63,Male,African-American,1,F,1,0
69,Female,Caucasian,5,F,3,0
41,Male,African-American,18,F,6,1
44,Male,Caucasian,1,M,1,0
29,Female,African-American,0,F,2,0
52,Female,Caucasian,0,M,3,0
23,Male,African-American,1,F,10,1
22,Female,Hispanic,0,M,4,0
26,Male,Caucasian,0,F,4,0
24,Male,African-American,0,M,6,1
45,Male,African-American,4,M,2,0
22,Male,Hispanic,0,F,2,1
24,Male,African-American,4,F,4,1
26,Female,Hispanic,1,M,4,0
47,Male,African-American,0,M,1,0
26,Male,African-American,0,F,4,0
36,Male,African-American,9,F,7,1
33,Male,Caucasian,2,M,3,1
52,Male,Caucasian,1,M,1,0
51,Male,Caucasian,0,F,1,0
47,Male,African-American,7,F,1,1
38,Male,Caucasian,1,M,1,1
67,Male,Caucasian,1,F,3,0
47,Male,African-American,1,F,1,0
66,Male,Caucasian,0,M,1,0
39,Male,Caucasian,0,F,2,0
49,Female,Caucasian,2,M,3,0
45,Female,African-American,9,M,7,0
22,Male,Asian,1,M,2,0
46,Female,Caucasian,7,F,7,1
29,Male,African-American,15,F,6,1
28,Male,African-American,2,M,5,1
22,Female,African-American,0,F,4,1
20,Male,African-American,1,F,5,1
34,Male,Caucasian,5,F,1,0
22,Male,African-American,8,F,4,1
25,Male,Caucasian,3,M,9,1
34,Male,African-American,1,F,6,0
34,Male,Caucasian,1,F,5,0
54,Male,African-American,10,F,4,1
51,Male,Other,0,F,1,1
36,Female,Caucasian,5,F,3,1
20,Male,Asian,2,F,10,1
30,Male,African-American,8,F,5,1
44,Male,Hispanic,0,M,1,1
23,Female,African-American,1,F,4,1
40,Male,Caucasian,0,F,1,0
27,Female,Caucasian,0,M,8,1
23,Male,Hispanic,2,F,5,0
25,Male,African-American,3,F,6,1
47,Male,African-American,14,M,6,0
27,Female,African-American,3,F,6,1
38,Male,African-American,16,M,9,1
27,Male,African-American,0,M,1,1
24,Male,Hispanic,0,M,3,0
30,Male,Caucasian,4,F,8,1
33,Male,African-American,4,M,7,1
29,Female,African-American,2,F,3,1
38,Male,Other,0,M,2,0
56,Male,African-American,31,F,6,1
26,Male,African-American,0,F,2,0
28,Female,African-American,5,F,8,0
43,Male,African-American,5,M,6,0
29,Male,African-American,2,F,2,1
22,Male,African-American,1,F,7,1
74,Male,Caucasian,2,F,1,0
47,Male,African-American,4,F,10,1
42,Female,Caucasian,4,F,8,1
43,Female,Caucasian,0,M,1,0
28,Female,African-American,6,M,5,1
24,Female,African-American,0,F,4,0
26,Male,Asian,2,F,3,1
56,Male,African-American,0,M,2,0
47,Male,Hispanic,3,M,6,1
49,Male,Caucasian,0,F,1,0
36,Female,Other,1,M,1,0
24,Female,Caucasian,1,F,4,0
30,Male,African-American,3,F,4,1
28,Male,Caucasian,11,F,6,0
50,Female,Hispanic,1,F,3,1
39,Female,African-American,1,F,7,1
26,Female,African-American,4,F,8,1
56,Male,African-American,4,F,7,0
58,Male,Caucasian,8,M,2,0
33,Male,African-American,3,F,4,0
31,Female,African-American,9,F,8,1
25,Male,Caucasian,5,M,8,0
25,Male,Caucasian,7,M,5,1
20,Male,African-American,1,F,10,1
30,Female,Caucasian,3,F,5,0
29,Male,Caucasian,14,F,10,1
31,Male,Hispanic,1,M,6,0
21,Male,African-American,0,F,7,1
44,Male,African-American,11,F,5,1
30,Male,Caucasian,2,F,3,0
35,Male,African-American,12,M,6,1
34,Male,Caucasian,4,F,5,0
26,Male,African-American,2,M,2,0
51,Male,Caucasian,4,M,1,0
36,Male,African-American,0,M,2,0
26,Male,Caucasian,3,M,2,1
21,Male,African-American,1,F,6,0
59,Male,African-American,5,M,5,0
29,Male,African-American,7,F,7,1
28,Male,Hispanic,1,F,3,0
37,Male,African-American,4,F,3,0
41,Male,Caucasian,0,M,1,0
31,Male,Hispanic,7,M,9,1
23,Male,African-American,0,F,6,1
54,Female,Caucasian,1,M,1,0
30,Male,Caucasian,2,M,9,0
28,Male,Caucasian,0,M,4,1
22,Male,African-American,0,M,5,0
21,Male,African-American,0,F,8,1
27,Male,African-American,1,M,5,0
61,Male,African-American,4,M,9,1
60,Male,Caucasian,0,M,1,1
22,Male,Hispanic,0,M,3,0
22,Female,Caucasian,1,F,7,0
49,Female,Caucasian,3,F,2,0
61,Female,Caucasian,1,M,1,0
51,Male,African-American,7,M,6,1
49,Female,Caucasian,2,F,6,0
24,Female,African-American,0,F,6,1
36,Female,Caucasian,4,M,6,1
42,Male,Caucasian,5,F,4,0
36,Male,African-American,9,F,4,0
57,Male,Caucasian,14,F,4,1
36,Male,Caucasian,0,M,1,0
34,Male,African-American,3,M,2,1
24,Male,African-American,2,M,3,1
32,Male,Caucasian,0,F,2,0
25,Male,African-American,1,F,2,0
30,Female,Caucasian,2,M,1,1
35,Male,African-American,8,M,7,1
43,Male,African-American,0,M,1,0
28,Male,African-American,1,F,2,0
32,Male,African-American,4,F,5,0
23,Male,Caucasian,0,F,8,0
20,Female,African-American,0,M,7,1
30,Male,African-American,19,F,10,1
26,Male,Hispanic,0,F,2,0
44,Male,Hispanic,0,F,3,0
30,Male,African-American,2,M,4,0
21,Male,Caucasian,0,M,6,1
30,Male,African-American,0,M,2,1
20,Male,African-American,0,F,9,0
23,Male,African-American,0,F,7,0
23,Male,African-American,0,F,3,0
57,Male,Other,0,F,1,0
33,Female,African-American,3,M,2,0
23,Female,Hispanic,2,F,4,1
